mikro_kod,tur,sinif,sinif_unite,ogrenme_ciktisi,surec_bileseni
Fiz01MK0001,Bilgi,9,Fiz09-U1,FİZ.9.1.1,a
Fiz01MK0002,Bilgi,9,Fiz09-U1,FİZ.9.1.1,b
Fiz01MK0003,Bilgi,9,Fiz09-U1,FİZ.9.1.2,a
Fiz01MK0004,Bilgi,9,Fiz09-U1,FİZ.9.1.2,a
Fiz01MK0005,Bilgi,9,Fiz09-U1,FİZ.9.1.2,a
Fiz01MK0006,Bilgi,9,Fiz09-U1,FİZ.9.1.2,a
Fiz01MK0007,Bilgi,9,Fiz09-U1,FİZ.9.1.2,a
Fiz01MK0008,Bilgi,9,Fiz09-U1,FİZ.9.1.2,a
Fiz01MK0009,Bilgi,9,Fiz09-U1,FİZ.9.1.2,a
Fiz01MK0010,Bilgi,9,Fiz09-U1,FİZ.9.1.2,a
Fiz01MK0011,Bilgi,9,Fiz09-U1,FİZ.9.1.2,a
Fiz01MK0012,Beceri,9,Fiz09-U1,FİZ.9.1.2,"b, c"
Fiz01MK0013,Beceri,9,Fiz09-U1,FİZ.9.1.3,a
Fiz01MK0014,Bilgi,9,Fiz09-U1,FİZ.9.1.3,b
Fiz01MK0015,Beceri,9,Fiz09-U1,FİZ.9.1.3,c
Fiz01MK0016,Beceri,9,Fiz09-U1,FİZ.9.1.4,"a, b"
Fiz01MK0017,Beceri,9,Fiz09-U1,FİZ.9.1.4,c
Fiz01MK0018,Beceri,9,Fiz09-U1,FİZ.9.1.4,ç
Fiz01MK0019,Bilgi,9,Fiz09-U1,FİZ.9.1.4,d
Fiz02MK0001,Bilgi,9,Fiz09-U2,FİZ.9.2.1,a
Fiz02MK0002,Bilgi,9,Fiz09-U2,FİZ.9.2.1,a
Fiz02MK0003,Bilgi,9,Fiz09-U2,FİZ.9.2.1,a
Fiz02MK0004,Bilgi,9,Fiz09-U2,FİZ.9.2.1,a
Fiz02MK0005,Bilgi,9,Fiz09-U2,FİZ.9.2.1,a
Fiz02MK0006,Bilgi,9,Fiz09-U2,FİZ.9.2.1,a
Fiz02MK0007,Bilgi,9,Fiz09-U2,FİZ.9.2.1,a
Fiz02MK0008,Bilgi,9,Fiz09-U2,FİZ.9.2.1,a
Fiz02MK0009,Bilgi,9,Fiz09-U2,FİZ.9.2.1,a
Fiz02MK0010,Beceri,9,Fiz09-U2,FİZ.9.2.1,"b, c, ç"
Fiz02MK0011,Bilgi,9,Fiz09-U2,FİZ.9.2.2,a
Fiz02MK0012,Bilgi,9,Fiz09-U2,FİZ.9.2.2,a
Fiz02MK0013,Bilgi,9,Fiz09-U2,FİZ.9.2.2,"b, c"
Fiz02MK0014,Bilgi,9,Fiz09-U2,FİZ.9.2.2,"b, c"
Fiz02MK0015,Beceri,9,Fiz09-U2,FİZ.9.2.3,a
Fiz02MK0016,Beceri,9,Fiz09-U2,FİZ.9.2.3,a
Fiz02MK0017,Beceri,9,Fiz09-U2,FİZ.9.2.3,b
Fiz02MK0018,Bilgi,9,Fiz09-U2,FİZ.9.2.3,c
Fiz02MK0019,Bilgi,9,Fiz09-U2,FİZ.9.2.3,c
Fiz02MK0020,Bilgi,9,Fiz09-U2,FİZ.9.2.3,c
Fiz02MK0021,Bilgi,9,Fiz09-U2,FİZ.9.2.3,c
Fiz02MK0022,Beceri,9,Fiz09-U2,FİZ.9.2.4,a
Fiz02MK0023,Beceri,9,Fiz09-U2,FİZ.9.2.4,a
Fiz02MK0024,Beceri,9,Fiz09-U2,FİZ.9.2.4,a
Fiz02MK0025,Beceri,9,Fiz09-U2,FİZ.9.2.4,a
Fiz02MK0026,Bilgi,9,Fiz09-U2,FİZ.9.2.4,b
Fiz02MK0027,Bilgi,9,Fiz09-U2,FİZ.9.2.4,b
Fiz02MK0028,Bilgi,9,Fiz09-U2,FİZ.9.2.4,b
Fiz02MK0029,Bilgi,9,Fiz09-U2,FİZ.9.2.5,a
Fiz02MK0030,Bilgi,9,Fiz09-U2,FİZ.9.2.5,a
Fiz02MK0031,Bilgi,9,Fiz09-U2,FİZ.9.2.5,a
Fiz02MK0032,Bilgi,9,Fiz09-U2,FİZ.9.2.5,a
Fiz02MK0033,Bilgi,9,Fiz09-U2,FİZ.9.2.5,"b, c"
Fiz02MK0034,Bilgi,9,Fiz09-U2,FİZ.9.2.5,"b, c"
Fiz02MK0035,Bilgi,9,Fiz09-U2,FİZ.9.2.5,"b, c"
Fiz02MK0036,Bilgi,9,Fiz09-U2,FİZ.9.2.6,"a, b"
Fiz02MK0037,Bilgi,9,Fiz09-U2,FİZ.9.2.6,"a, b"
Fiz02MK0038,Bilgi,9,Fiz09-U2,FİZ.9.2.6,"a, b"
Fiz02MK0039,Beceri,9,Fiz09-U2,FİZ.9.2.6,b
Fiz02MK0040,Bilgi,9,Fiz09-U2,FİZ.9.2.6,b
Fiz02MK0041,Bilgi,9,Fiz09-U2,FİZ.9.2.6,b
Fiz02MK0042,Bilgi,9,Fiz09-U2,FİZ.9.2.6,b
Fiz02MK0043,Bilgi,9,Fiz09-U2,FİZ.9.2.6,b
Fiz02MK0044,Bilgi,9,Fiz09-U2,FİZ.9.2.6,b
Fiz02MK0045,Bilgi,9,Fiz09-U2,FİZ.9.2.6,b
Fiz02MK0046,Bilgi,9,Fiz09-U2,FİZ.9.2.6,b
Fiz02MK0047,Beceri,9,Fiz09-U2,FİZ.9.2.6,b
Fiz02MK0048,Beceri,9,Fiz09-U2,FİZ.9.2.6,b
Fiz02MK0049,Bilgi,9,Fiz09-U2,FİZ.9.2.6,b
Fiz02MK0050,Bilgi,9,Fiz09-U2,FİZ.9.2.7,a
Fiz02MK0051,Bilgi,9,Fiz09-U2,FİZ.9.2.7,a
Fiz02MK0052,Bilgi,9,Fiz09-U2,FİZ.9.2.7,a
Fiz02MK0053,Bilgi,9,Fiz09-U2,FİZ.9.2.7,"b, c, ç"
Fiz02MK0054,Bilgi,9,Fiz09-U2,FİZ.9.2.7,ç
Fiz03MK0001,Bilgi,9,Fiz09-U3,FİZ.9.3.1,a
Fiz03MK0002,Bilgi,9,Fiz09-U3,FİZ.9.3.1,a
Fiz03MK0003,Bilgi,9,Fiz09-U3,FİZ.9.3.1,a
Fiz03MK0004,Beceri,9,Fiz09-U3,FİZ.9.3.1,b
Fiz03MK0005,Beceri,9,Fiz09-U3,FİZ.9.3.1,c
Fiz03MK0006,Bilgi,9,Fiz09-U3,FİZ.9.3.1,c
Fiz03MK0007,Bilgi,9,Fiz09-U3,FİZ.9.3.1,c
Fiz03MK0008,Beceri,9,Fiz09-U3,FİZ.9.3.1,c
Fiz03MK0009,Bilgi,9,Fiz09-U3,FİZ.9.3.2,a
Fiz03MK0010,Beceri,9,Fiz09-U3,FİZ.9.3.2,b
Fiz03MK0011,Beceri,9,Fiz09-U3,FİZ.9.3.2,c
Fiz03MK0012,Bilgi,9,Fiz09-U3,FİZ.9.3.2,c
Fiz03MK0013,Bilgi,9,Fiz09-U3,FİZ.9.3.2,c
Fiz03MK0014,Beceri,9,Fiz09-U3,FİZ.9.3.2,c
Fiz03MK0015,Beceri,9,Fiz09-U3,FİZ.9.3.3,"a, b"
Fiz03MK0016,Beceri,9,Fiz09-U3,FİZ.9.3.3,c
Fiz03MK0017,Beceri,9,Fiz09-U3,FİZ.9.3.3,ç
Fiz03MK0018,Bilgi,9,Fiz09-U3,FİZ.9.3.3,d
Fiz03MK0019,Beceri,9,Fiz09-U3,FİZ.9.3.4,a
Fiz03MK0020,Bilgi,9,Fiz09-U3,FİZ.9.3.4,"b, c"
Fiz03MK0021,Bilgi,9,Fiz09-U3,FİZ.9.3.4,"b, c"
Fiz03MK0022,Bilgi,9,Fiz09-U3,FİZ.9.3.4,c
Fiz03MK0023,Beceri,9,Fiz09-U3,FİZ.9.3.4,c
Fiz03MK0024,Beceri,9,Fiz09-U3,FİZ.9.3.4,c
Fiz03MK0025,Bilgi,9,Fiz09-U3,FİZ.9.3.4,ç
Fiz03MK0026,Beceri,9,Fiz09-U3,FİZ.9.3.4,d
Fiz03MK0027,Beceri,9,Fiz09-U3,FİZ.9.3.4,d
Fiz03MK0028,Bilgi,9,Fiz09-U3,FİZ.9.3.5,a
Fiz03MK0029,Beceri,9,Fiz09-U3,FİZ.9.3.5,a
Fiz03MK0030,Beceri,9,Fiz09-U3,FİZ.9.3.5,b
Fiz03MK0031,Bilgi,9,Fiz09-U3,FİZ.9.3.5,b
Fiz03MK0032,Bilgi,9,Fiz09-U3,FİZ.9.3.5,b
Fiz03MK0033,Bilgi,9,Fiz09-U3,FİZ.9.3.5,b
Fiz03MK0034,Beceri,9,Fiz09-U3,FİZ.9.3.6,a
Fiz03MK0035,Beceri,9,Fiz09-U3,FİZ.9.3.6,b
Fiz03MK0036,Beceri,9,Fiz09-U3,FİZ.9.3.6,b
Fiz03MK0037,Bilgi,9,Fiz09-U3,FİZ.9.3.6,c
Fiz03MK0038,Bilgi,9,Fiz09-U3,FİZ.9.3.6,ç
Fiz03MK0039,Bilgi,9,Fiz09-U3,FİZ.9.3.6,d
Fiz03MK0040,Bilgi,9,Fiz09-U3,FİZ.9.3.6,d
Fiz03MK0041,Bilgi,9,Fiz09-U3,FİZ.9.3.6,d
Fiz03MK0042,Beceri,9,Fiz09-U3,FİZ.9.3.6,d
Fiz03MK0043,Bilgi,9,Fiz09-U3,FİZ.9.3.7,a
Fiz03MK0044,Bilgi,9,Fiz09-U3,FİZ.9.3.7,a
Fiz03MK0045,Bilgi,9,Fiz09-U3,FİZ.9.3.7,b
Fiz03MK0046,Beceri,9,Fiz09-U3,FİZ.9.3.7,b
Fiz04MK0001,Bilgi,9,Fiz09-U4,FİZ.9.4.1,a
Fiz04MK0002,Bilgi,9,Fiz09-U4,FİZ.9.4.1,a
Fiz04MK0003,Bilgi,9,Fiz09-U4,FİZ.9.4.1,a
Fiz04MK0004,Bilgi,9,Fiz09-U4,FİZ.9.4.1,a
Fiz04MK0005,Bilgi,9,Fiz09-U4,FİZ.9.4.1,b
Fiz04MK0006,Bilgi,9,Fiz09-U4,FİZ.9.4.1,b
Fiz04MK0007,Bilgi,9,Fiz09-U4,FİZ.9.4.1,c
Fiz04MK0008,Bilgi,9,Fiz09-U4,FİZ.9.4.1,c
Fiz04MK0009,Bilgi,9,Fiz09-U4,FİZ.9.4.1,c
Fiz04MK0010,Bilgi,9,Fiz09-U4,FİZ.9.4.1,c
Fiz04MK0011,Bilgi,9,Fiz09-U4,FİZ.9.4.2,a
Fiz04MK0012,Bilgi,9,Fiz09-U4,FİZ.9.4.2,a
Fiz04MK0013,Bilgi,9,Fiz09-U4,FİZ.9.4.2,a
Fiz04MK0014,Bilgi,9,Fiz09-U4,FİZ.9.4.2,a
Fiz04MK0015,Bilgi,9,Fiz09-U4,FİZ.9.4.2,a
Fiz04MK0016,Bilgi,9,Fiz09-U4,FİZ.9.4.2,a
Fiz04MK0017,Bilgi,9,Fiz09-U4,FİZ.9.4.2,a
Fiz04MK0018,Bilgi,9,Fiz09-U4,FİZ.9.4.2,a
Fiz04MK0019,Bilgi,9,Fiz09-U4,FİZ.9.4.2,a
Fiz04MK0020,Beceri,9,Fiz09-U4,FİZ.9.4.2,a
Fiz04MK0021,Beceri,9,Fiz09-U4,FİZ.9.4.2,a
Fiz04MK0022,Beceri,9,Fiz09-U4,FİZ.9.4.2,a
Fiz04MK0023,Beceri,9,Fiz09-U4,FİZ.9.4.2,b
Fiz04MK0024,Bilgi,9,Fiz09-U4,FİZ.9.4.2,b
Fiz04MK0025,Bilgi,9,Fiz09-U4,FİZ.9.4.3,a
Fiz04MK0026,Bilgi,9,Fiz09-U4,FİZ.9.4.3,a
Fiz04MK0027,Bilgi,9,Fiz09-U4,FİZ.9.4.3,a
Fiz04MK0028,Bilgi,9,Fiz09-U4,FİZ.9.4.3,a
Fiz04MK0029,Beceri,9,Fiz09-U4,FİZ.9.4.3,b
Fiz04MK0030,Beceri,9,Fiz09-U4,FİZ.9.4.3,b
Fiz04MK0031,Bilgi,9,Fiz09-U4,FİZ.9.4.3,c
Fiz04MK0032,Bilgi,9,Fiz09-U4,FİZ.9.4.3,c
Fiz04MK0033,Beceri,9,Fiz09-U4,FİZ.9.4.3,c
Fiz04MK0034,Beceri,9,Fiz09-U4,FİZ.9.4.3,c
Fiz04MK0035,Beceri,9,Fiz09-U4,FİZ.9.4.3,c
Fiz04MK0036,Bilgi,9,Fiz09-U4,FİZ.9.4.4,a
Fiz04MK0037,Bilgi,9,Fiz09-U4,FİZ.9.4.4,a
Fiz04MK0038,Beceri,9,Fiz09-U4,FİZ.9.4.4,b
Fiz04MK0039,Bilgi,9,Fiz09-U4,FİZ.9.4.4,c
Fiz04MK0040,Bilgi,9,Fiz09-U4,FİZ.9.4.4,c
Fiz04MK0041,Bilgi,9,Fiz09-U4,FİZ.9.4.4,c
Fiz04MK0042,Bilgi,9,Fiz09-U4,FİZ.9.4.5,a
Fiz04MK0043,Bilgi,9,Fiz09-U4,FİZ.9.4.5,a
Fiz04MK0044,Bilgi,9,Fiz09-U4,FİZ.9.4.5,"b, c, ç"
Fiz04MK0045,Bilgi,9,Fiz09-U4,FİZ.9.4.5,ç
Fiz04MK0046,Bilgi,9,Fiz09-U4,FİZ.9.4.5,ç
Fiz04MK0047,Bilgi,9,Fiz09-U4,FİZ.9.4.5,ç
Fiz04MK0048,Bilgi,9,Fiz09-U4,FİZ.9.4.5,ç
Fiz04MK0049,Bilgi,9,Fiz09-U4,FİZ.9.4.6,a
Fiz04MK0050,Beceri,9,Fiz09-U4,FİZ.9.4.6,b
Fiz04MK0051,Bilgi,9,Fiz09-U4,FİZ.9.4.6,b
Fiz04MK0052,Bilgi,9,Fiz09-U4,FİZ.9.4.6,b
Fiz04MK0053,Bilgi,9,Fiz09-U4,FİZ.9.4.6,b
Fiz04MK0054,Bilgi,9,Fiz09-U4,FİZ.9.4.6,b
Fiz04MK0055,Beceri,9,Fiz09-U4,FİZ.9.4.6,c
Fiz02MK0039,Beceri,10,Fiz10-U1,FİZ.10.1.1,a
Fiz02MK0040,Bilgi,10,Fiz10-U1,FİZ.10.1.1,a
Fiz02MK0041,Bilgi,10,Fiz10-U1,FİZ.10.1.1,b
Fiz02MK0042,Bilgi,10,Fiz10-U1,FİZ.10.1.1,b
Fiz02MK0047,Beceri,10,Fiz10-U1,FİZ.10.1.1,b
Fiz02MK0048,Beceri,10,Fiz10-U1,FİZ.10.1.1,b
Fiz02MK0055,Beceri,10,Fiz10-U1,FİZ.10.1.1,a
Fiz02MK0056,Beceri,10,Fiz10-U1,FİZ.10.1.1,b
Fiz02MK0057,Beceri,10,Fiz10-U1,FİZ.10.1.1,b
Fiz02MK0058,Beceri,10,Fiz10-U1,FİZ.10.1.1,b
Fiz02MK0059,Beceri,10,Fiz10-U1,FİZ.10.1.1,b
Fiz02MK0060,Bilgi,10,Fiz10-U1,FİZ.10.1.1,c
Fiz02MK0061,Bilgi,10,Fiz10-U1,FİZ.10.1.1,c
Fiz02MK0062,Beceri,10,Fiz10-U1,FİZ.10.1.1,c
Fiz02MK0063,Beceri,10,Fiz10-U1,FİZ.10.1.2,a
Fiz02MK0064,Bilgi,10,Fiz10-U1,FİZ.10.1.2,a
Fiz02MK0065,Bilgi,10,Fiz10-U1,FİZ.10.1.2,a
Fiz02MK0066,Bilgi,10,Fiz10-U1,FİZ.10.1.2,a
Fiz02MK0067,Bilgi,10,Fiz10-U1,FİZ.10.1.2,a
Fiz02MK0068,Beceri,10,Fiz10-U1,FİZ.10.1.2,b
Fiz02MK0069,Bilgi,10,Fiz10-U1,FİZ.10.1.2,b
Fiz02MK0070,Bilgi,10,Fiz10-U1,FİZ.10.1.2,b
Fiz02MK0059,Beceri,10,Fiz10-U1,FİZ.10.1.3,b
Fiz02MK0071,Bilgi,10,Fiz10-U1,FİZ.10.1.3,a
Fiz02MK0072,Bilgi,10,Fiz10-U1,FİZ.10.1.3,a
Fiz02MK0073,Bilgi,10,Fiz10-U1,FİZ.10.1.3,a
Fiz02MK0074,Beceri,10,Fiz10-U1,FİZ.10.1.3,a
Fiz02MK0075,Beceri,10,Fiz10-U1,FİZ.10.1.3,a
Fiz02MK0076,Beceri,10,Fiz10-U1,FİZ.10.1.3,b
Fiz02MK0077,Beceri,10,Fiz10-U1,FİZ.10.1.3,b
Fiz02MK0078,Beceri,10,Fiz10-U1,FİZ.10.1.3,b
Fiz02MK0079,Beceri,10,Fiz10-U1,FİZ.10.1.3,b
Fiz02MK0080,Beceri,10,Fiz10-U1,FİZ.10.1.3,b
Fiz02MK0081,Beceri,10,Fiz10-U1,FİZ.10.1.3,b
Fiz02MK0082,Bilgi,10,Fiz10-U1,FİZ.10.1.3,c
Fiz02MK0083,Bilgi,10,Fiz10-U1,FİZ.10.1.3,c
Fiz04MK0056,Bilgi,10,Fiz10-U2,FİZ.10.2.1,a
Fiz04MK0057,Beceri,10,Fiz10-U2,FİZ.10.2.1,a
Fiz04MK0058,Beceri,10,Fiz10-U2,FİZ.10.2.1,a
Fiz04MK0059,Beceri,10,Fiz10-U2,FİZ.10.2.1,a
Fiz04MK0060,Bilgi,10,Fiz10-U2,FİZ.10.2.1,b
Fiz04MK0061,Bilgi,10,Fiz10-U2,FİZ.10.2.1,b
Fiz04MK0062,Beceri,10,Fiz10-U2,FİZ.10.2.2,a
Fiz04MK0063,Bilgi,10,Fiz10-U2,FİZ.10.2.2,b
Fiz04MK0064,Bilgi,10,Fiz10-U2,FİZ.10.2.2,b
Fiz04MK0065,Bilgi,10,Fiz10-U2,FİZ.10.2.2,b
Fiz04MK0066,Bilgi,10,Fiz10-U2,FİZ.10.2.2,b
Fiz04MK0067,Bilgi,10,Fiz10-U2,FİZ.10.2.2,b
Fiz04MK0068,Bilgi,10,Fiz10-U2,FİZ.10.2.2,c
Fiz04MK0069,Bilgi,10,Fiz10-U2,FİZ.10.2.2,c
Fiz04MK0070,Bilgi,10,Fiz10-U2,FİZ.10.2.2,ç
Fiz04MK0071,Beceri,10,Fiz10-U2,FİZ.10.2.2,d
Fiz04MK0072,Beceri,10,Fiz10-U2,FİZ.10.2.2,d
Fiz04MK0073,Bilgi,10,Fiz10-U2,FİZ.10.2.3,a
Fiz04MK0074,Bilgi,10,Fiz10-U2,FİZ.10.2.3,a
Fiz04MK0075,Bilgi,10,Fiz10-U2,FİZ.10.2.3,a
Fiz04MK0076,Bilgi,10,Fiz10-U2,FİZ.10.2.3,a
Fiz04MK0077,Bilgi,10,Fiz10-U2,FİZ.10.2.3,a
Fiz04MK0078,Bilgi,10,Fiz10-U2,FİZ.10.2.3,a
Fiz04MK0079,Bilgi,10,Fiz10-U2,FİZ.10.2.3,a
Fiz04MK0080,Bilgi,10,Fiz10-U2,FİZ.10.2.3,a
Fiz04MK0081,Bilgi,10,Fiz10-U2,FİZ.10.2.3,a
Fiz04MK0082,Beceri,10,Fiz10-U2,FİZ.10.2.3,a
Fiz04MK0083,Bilgi,10,Fiz10-U2,FİZ.10.2.3,b
Fiz04MK0084,Bilgi,10,Fiz10-U2,FİZ.10.2.3,b
Fiz04MK0085,Bilgi,10,Fiz10-U2,FİZ.10.2.3,b
Fiz04MK0086,Beceri,10,Fiz10-U2,FİZ.10.2.3,b
Fiz04MK0087,Bilgi,10,Fiz10-U2,FİZ.10.2.3,c
Fiz04MK0088,Bilgi,10,Fiz10-U2,FİZ.10.2.3,c
Fiz04MK0089,Bilgi,10,Fiz10-U2,FİZ.10.2.4,a
Fiz04MK0090,Bilgi,10,Fiz10-U2,FİZ.10.2.4,a
Fiz04MK0091,Bilgi,10,Fiz10-U2,FİZ.10.2.4,a
Fiz04MK0092,Bilgi,10,Fiz10-U2,FİZ.10.2.4,a
Fiz04MK0093,Bilgi,10,Fiz10-U2,FİZ.10.2.4,a
Fiz04MK0094,Bilgi,10,Fiz10-U2,FİZ.10.2.4,b
Fiz04MK0095,Beceri,10,Fiz10-U2,FİZ.10.2.4,b
Fiz04MK0096,Beceri,10,Fiz10-U2,FİZ.10.2.4,b
Fiz04MK0097,Bilgi,10,Fiz10-U2,FİZ.10.2.4,b
Fiz04MK0098,Bilgi,10,Fiz10-U2,FİZ.10.2.4,b
Fiz04MK0099,Beceri,10,Fiz10-U2,FİZ.10.2.4,b
Fiz04MK0100,Bilgi,10,Fiz10-U2,FİZ.10.2.5,a
Fiz04MK0101,Bilgi,10,Fiz10-U2,FİZ.10.2.5,a
Fiz04MK0102,Bilgi,10,Fiz10-U2,FİZ.10.2.5,b
Fiz04MK0103,Bilgi,10,Fiz10-U2,FİZ.10.2.5,b
Fiz04MK0104,Bilgi,10,Fiz10-U2,FİZ.10.2.5,b
Fiz04MK0105,Bilgi,10,Fiz10-U2,FİZ.10.2.5,b
Fiz04MK0106,Bilgi,10,Fiz10-U2,FİZ.10.2.5,b
Fiz04MK0107,Bilgi,10,Fiz10-U2,FİZ.10.2.5,b
Fiz04MK0108,Bilgi,10,Fiz10-U2,FİZ.10.2.5,c
Fiz04MK0109,Bilgi,10,Fiz10-U2,FİZ.10.2.5,c
Fiz04MK0110,Bilgi,10,Fiz10-U2,FİZ.10.2.5,c
Fiz04MK0111,Bilgi,10,Fiz10-U2,FİZ.10.2.5,c
Fiz04MK0112,Bilgi,10,Fiz10-U2,FİZ.10.2.5,c
Fiz04MK0113,Bilgi,10,Fiz10-U2,FİZ.10.2.5,c
Fiz04MK0114,Beceri,10,Fiz10-U2,FİZ.10.2.5,c
Fiz05MK0001,Beceri,10,Fiz10-U3,FİZ.10.3.1,a
Fiz05MK0002,Beceri,10,Fiz10-U3,FİZ.10.3.1,a
Fiz05MK0003,Bilgi,10,Fiz10-U3,FİZ.10.3.1,b
Fiz05MK0004,Bilgi,10,Fiz10-U3,FİZ.10.3.1,b
Fiz05MK0005,Bilgi,10,Fiz10-U3,FİZ.10.3.1,b
Fiz05MK0006,Bilgi,10,Fiz10-U3,FİZ.10.3.1,b
Fiz05MK0007,Bilgi,10,Fiz10-U3,FİZ.10.3.1,b
Fiz05MK0008,Bilgi,10,Fiz10-U3,FİZ.10.3.1,b
Fiz05MK0009,Bilgi,10,Fiz10-U3,FİZ.10.3.1,c
Fiz05MK0010,Bilgi,10,Fiz10-U3,FİZ.10.3.1,c
Fiz05MK0011,Bilgi,10,Fiz10-U3,FİZ.10.3.1,c
Fiz05MK0012,Bilgi,10,Fiz10-U3,FİZ.10.3.1,c
Fiz05MK0013,Bilgi,10,Fiz10-U3,FİZ.10.3.1,c
Fiz05MK0014,Bilgi,10,Fiz10-U3,FİZ.10.3.1,c
Fiz05MK0015,Bilgi,10,Fiz10-U3,FİZ.10.3.1,c
Fiz05MK0016,Bilgi,10,Fiz10-U3,FİZ.10.3.2,a
Fiz05MK0017,Bilgi,10,Fiz10-U3,FİZ.10.3.2,a
Fiz05MK0018,Bilgi,10,Fiz10-U3,FİZ.10.3.2,a
Fiz05MK0019,Bilgi,10,Fiz10-U3,FİZ.10.3.2,a
Fiz05MK0020,Beceri,10,Fiz10-U3,FİZ.10.3.2,b
Fiz05MK0021,Bilgi,10,Fiz10-U3,FİZ.10.3.2,b
Fiz05MK0022,Bilgi,10,Fiz10-U3,FİZ.10.3.2,b
Fiz05MK0023,Beceri,10,Fiz10-U3,FİZ.10.3.3,a
Fiz05MK0024,Beceri,10,Fiz10-U3,FİZ.10.3.3,a
Fiz05MK0025,Bilgi,10,Fiz10-U3,FİZ.10.3.3,a
Fiz05MK0026,Bilgi,10,Fiz10-U3,FİZ.10.3.3,a
Fiz05MK0027,Beceri,10,Fiz10-U3,FİZ.10.3.3,a
Fiz05MK0028,Beceri,10,Fiz10-U3,FİZ.10.3.3,a
Fiz05MK0029,Bilgi,10,Fiz10-U3,FİZ.10.3.3,a
Fiz05MK0030,Beceri,10,Fiz10-U3,FİZ.10.3.3,a
Fiz05MK0031,Beceri,10,Fiz10-U3,FİZ.10.3.3,a
Fiz05MK0032,Beceri,10,Fiz10-U3,FİZ.10.3.3,b
Fiz05MK0033,Bilgi,10,Fiz10-U3,FİZ.10.3.3,b
Fiz05MK0034,Bilgi,10,Fiz10-U3,FİZ.10.3.3,b
Fiz05MK0023,Beceri,10,Fiz10-U3,FİZ.10.3.4,b
Fiz05MK0024,Beceri,10,Fiz10-U3,FİZ.10.3.4,b
Fiz05MK0025,Bilgi,10,Fiz10-U3,FİZ.10.3.4,b
Fiz05MK0026,Bilgi,10,Fiz10-U3,FİZ.10.3.4,b
Fiz05MK0035,Bilgi,10,Fiz10-U3,FİZ.10.3.4,a
Fiz05MK0036,Bilgi,10,Fiz10-U3,FİZ.10.3.4,a
Fiz05MK0037,Beceri,10,Fiz10-U3,FİZ.10.3.4,a
Fiz05MK0038,Beceri,10,Fiz10-U3,FİZ.10.3.4,a
Fiz05MK0039,Beceri,10,Fiz10-U3,FİZ.10.3.4,a
Fiz05MK0040,Beceri,10,Fiz10-U3,FİZ.10.3.4,b
Fiz05MK0041,Beceri,10,Fiz10-U3,FİZ.10.3.4,b
Fiz05MK0042,Beceri,10,Fiz10-U3,FİZ.10.3.4,b
Fiz05MK0043,Bilgi,10,Fiz10-U3,FİZ.10.3.4,c
Fiz05MK0044,Bilgi,10,Fiz10-U3,FİZ.10.3.4,c
Fiz05MK0045,Beceri,10,Fiz10-U3,FİZ.10.3.4,c
Fiz05MK0046,Bilgi,10,Fiz10-U3,FİZ.10.3.4,c
Fiz05MK0047,Beceri,10,Fiz10-U3,FİZ.10.3.4,c
Fiz05MK0048,Bilgi,10,Fiz10-U3,FİZ.10.3.4,c
Fiz05MK0049,Beceri,10,Fiz10-U3,FİZ.10.3.4,c
Fiz05MK0050,Beceri,10,Fiz10-U3,FİZ.10.3.4,c
Fiz05MK0051,Beceri,10,Fiz10-U3,FİZ.10.3.4,c
Fiz05MK0052,Bilgi,10,Fiz10-U3,FİZ.10.3.4,c
Fiz05MK0053,Bilgi,10,Fiz10-U3,FİZ.10.3.4,c
Fiz05MK0054,Bilgi,10,Fiz10-U3,FİZ.10.3.4,c
Fiz05MK0055,Bilgi,10,Fiz10-U3,FİZ.10.3.4,c
Fiz05MK0056,Beceri,10,Fiz10-U3,FİZ.10.3.4,c
Fiz05MK0057,Beceri,10,Fiz10-U3,FİZ.10.3.4,c
Fiz05MK0023,Beceri,10,Fiz10-U3,FİZ.10.3.5,b
Fiz05MK0024,Beceri,10,Fiz10-U3,FİZ.10.3.5,b
Fiz05MK0025,Bilgi,10,Fiz10-U3,FİZ.10.3.5,b
Fiz05MK0026,Bilgi,10,Fiz10-U3,FİZ.10.3.5,b
Fiz05MK0058,Bilgi,10,Fiz10-U3,FİZ.10.3.5,a
Fiz05MK0059,Bilgi,10,Fiz10-U3,FİZ.10.3.5,a
Fiz05MK0060,Bilgi,10,Fiz10-U3,FİZ.10.3.5,a
Fiz05MK0061,Beceri,10,Fiz10-U3,FİZ.10.3.5,b
Fiz05MK0062,Bilgi,10,Fiz10-U3,FİZ.10.3.5,c
Fiz05MK0063,Bilgi,10,Fiz10-U3,FİZ.10.3.5,c
Fiz05MK0064,Bilgi,10,Fiz10-U3,FİZ.10.3.5,c
Fiz05MK0065,Beceri,10,Fiz10-U3,FİZ.10.3.5,c
Fiz05MK0066,Bilgi,10,Fiz10-U3,FİZ.10.3.5,c
Fiz05MK0067,Beceri,10,Fiz10-U3,FİZ.10.3.6,a
Fiz05MK0068,Bilgi,10,Fiz10-U3,FİZ.10.3.6,b
Fiz05MK0069,Bilgi,10,Fiz10-U3,FİZ.10.3.6,b
Fiz05MK0070,Bilgi,10,Fiz10-U3,FİZ.10.3.6,b
Fiz05MK0071,Bilgi,10,Fiz10-U3,FİZ.10.3.6,b
Fiz05MK0072,Bilgi,10,Fiz10-U3,FİZ.10.3.6,b
Fiz05MK0073,Beceri,10,Fiz10-U3,FİZ.10.3.6,b
Fiz05MK0074,Bilgi,10,Fiz10-U3,FİZ.10.3.6,b
Fiz05MK0075,Bilgi,10,Fiz10-U3,FİZ.10.3.6,b
Fiz05MK0076,Bilgi,10,Fiz10-U3,FİZ.10.3.6,b
Fiz05MK0077,Beceri,10,Fiz10-U3,FİZ.10.3.6,c
Fiz05MK0078,Beceri,10,Fiz10-U3,FİZ.10.3.6,ç
Fiz05MK0079,Bilgi,10,Fiz10-U3,FİZ.10.3.7,a
Fiz05MK0080,Bilgi,10,Fiz10-U3,FİZ.10.3.7,a
Fiz05MK0081,Beceri,10,Fiz10-U3,FİZ.10.3.7,b
Fiz05MK0082,Beceri,10,Fiz10-U3,FİZ.10.3.7,c
Fiz05MK0083,Beceri,10,Fiz10-U3,FİZ.10.3.7,ç
Fiz05MK0084,Bilgi,10,Fiz10-U3,FİZ.10.3.7,d
Fiz05MK0085,Bilgi,10,Fiz10-U3,FİZ.10.3.7,d
Fiz06MK0001,Bilgi,10,Fiz10-U4,FİZ.10.4.1,a
Fiz06MK0002,Bilgi,10,Fiz10-U4,FİZ.10.4.1,a
Fiz06MK0003,Bilgi,10,Fiz10-U4,FİZ.10.4.1,b
Fiz06MK0004,Bilgi,10,Fiz10-U4,FİZ.10.4.1,b
Fiz06MK0005,Bilgi,10,Fiz10-U4,FİZ.10.4.1,b
Fiz06MK0006,Beceri,10,Fiz10-U4,FİZ.10.4.1,b
Fiz06MK0007,Beceri,10,Fiz10-U4,FİZ.10.4.1,c
Fiz06MK0008,Bilgi,10,Fiz10-U4,FİZ.10.4.2,a
Fiz06MK0009,Bilgi,10,Fiz10-U4,FİZ.10.4.2,a
Fiz06MK0010,Bilgi,10,Fiz10-U4,FİZ.10.4.2,a
Fiz06MK0011,Bilgi,10,Fiz10-U4,FİZ.10.4.2,a
Fiz06MK0012,Bilgi,10,Fiz10-U4,FİZ.10.4.2,a
Fiz06MK0013,Bilgi,10,Fiz10-U4,FİZ.10.4.2,a
Fiz06MK0014,Beceri,10,Fiz10-U4,FİZ.10.4.2,b
Fiz06MK0015,Beceri,10,Fiz10-U4,FİZ.10.4.2,b
Fiz06MK0016,Beceri,10,Fiz10-U4,FİZ.10.4.2,b
Fiz06MK0017,Beceri,10,Fiz10-U4,FİZ.10.4.2,b
Fiz06MK0018,Bilgi,10,Fiz10-U4,FİZ.10.4.2,c
Fiz06MK0019,Bilgi,10,Fiz10-U4,FİZ.10.4.2,c
Fiz06MK0020,Beceri,10,Fiz10-U4,FİZ.10.4.2,c
Fiz06MK0021,Bilgi,10,Fiz10-U4,FİZ.10.4.3,a
Fiz06MK0022,Bilgi,10,Fiz10-U4,FİZ.10.4.3,a
Fiz06MK0023,Bilgi,10,Fiz10-U4,FİZ.10.4.3,b
Fiz06MK0024,Bilgi,10,Fiz10-U4,FİZ.10.4.3,b
Fiz06MK0025,Bilgi,10,Fiz10-U4,FİZ.10.4.3,b
Fiz06MK0026,Bilgi,10,Fiz10-U4,FİZ.10.4.3,ç
Fiz06MK0027,Beceri,10,Fiz10-U4,FİZ.10.4.4,a
Fiz06MK0028,Bilgi,10,Fiz10-U4,FİZ.10.4.4,b
Fiz06MK0029,Beceri,10,Fiz10-U4,FİZ.10.4.4,b
Fiz06MK0030,Beceri,10,Fiz10-U4,FİZ.10.4.4,b
Fiz06MK0031,Bilgi,10,Fiz10-U4,FİZ.10.4.4,c
Fiz06MK0032,Bilgi,10,Fiz10-U4,FİZ.10.4.4,c
Fiz06MK0033,Bilgi,10,Fiz10-U4,FİZ.10.4.4,c
Fiz06MK0034,Bilgi,10,Fiz10-U4,FİZ.10.4.4,ç
Fiz06MK0035,Bilgi,10,Fiz10-U4,FİZ.10.4.4,ç
Fiz06MK0036,Beceri,10,Fiz10-U4,FİZ.10.4.4,d
Fiz06MK0037,Beceri,10,Fiz10-U4,FİZ.10.4.5,a
Fiz06MK0038,Beceri,10,Fiz10-U4,FİZ.10.4.5,a
Fiz06MK0039,Beceri,10,Fiz10-U4,FİZ.10.4.5,b
Fiz06MK0040,Bilgi,10,Fiz10-U4,FİZ.10.4.5,b
Fiz06MK0041,Bilgi,10,Fiz10-U4,FİZ.10.4.5,b
Fiz06MK0042,Beceri,10,Fiz10-U4,FİZ.10.4.5,b
Fiz06MK0043,Bilgi,10,Fiz10-U4,FİZ.10.4.5,c
Fiz06MK0044,Bilgi,10,Fiz10-U4,FİZ.10.4.5,c
Fiz06MK0045,Bilgi,10,Fiz10-U4,FİZ.10.4.5,c
Fiz06MK0046,Bilgi,10,Fiz10-U4,FİZ.10.4.5,c
Fiz06MK0047,Bilgi,10,Fiz10-U4,FİZ.10.4.6,a
Fiz06MK0048,Bilgi,10,Fiz10-U4,FİZ.10.4.6,a
Fiz06MK0049,Bilgi,10,Fiz10-U4,FİZ.10.4.6,a
Fiz06MK0050,Bilgi,10,Fiz10-U4,FİZ.10.4.6,a
Fiz06MK0051,Bilgi,10,Fiz10-U4,FİZ.10.4.6,a
Fiz06MK0052,Bilgi,10,Fiz10-U4,FİZ.10.4.6,a
Fiz06MK0053,Bilgi,10,Fiz10-U4,FİZ.10.4.6,a
Fiz06MK0054,Bilgi,10,Fiz10-U4,FİZ.10.4.6,a
Fiz06MK0055,Bilgi,10,Fiz10-U4,FİZ.10.4.6,a
Fiz06MK0056,Beceri,10,Fiz10-U4,FİZ.10.4.6,b
Fiz06MK0057,Beceri,10,Fiz10-U4,FİZ.10.4.6,c
Fiz06MK0058,Beceri,10,Fiz10-U4,FİZ.10.4.6,ç
Fiz06MK0059,Bilgi,10,Fiz10-U4,FİZ.10.4.6,d
Fiz06MK0060,Beceri,10,Fiz10-U4,FİZ.10.4.7,a
Fiz06MK0061,Bilgi,10,Fiz10-U4,FİZ.10.4.7,a
Fiz06MK0062,Bilgi,10,Fiz10-U4,FİZ.10.4.7,a
Fiz06MK0063,Beceri,10,Fiz10-U4,FİZ.10.4.7,b
Fiz06MK0064,Beceri,10,Fiz10-U4,FİZ.10.4.7,b
Fiz06MK0065,Beceri,10,Fiz10-U4,FİZ.10.4.7,b
Fiz02MK0084,Beceri,11,Fiz11-U1,FİZ.11.1.1,a
Fiz02MK0085,Bilgi,11,Fiz11-U1,FİZ.11.1.1,a
Fiz02MK0086,Bilgi,11,Fiz11-U1,FİZ.11.1.1,b
Fiz02MK0087,Beceri,11,Fiz11-U1,FİZ.11.1.2,a
Fiz02MK0088,Beceri,11,Fiz11-U1,FİZ.11.1.2,b
Fiz02MK0089,Beceri,11,Fiz11-U1,FİZ.11.1.2,b
Fiz02MK0090,Beceri,11,Fiz11-U1,FİZ.11.1.2,b
Fiz02MK0091,Bilgi,11,Fiz11-U1,FİZ.11.1.2,c
Fiz02MK0092,Bilgi,11,Fiz11-U1,FİZ.11.1.2,c
Fiz02MK0093,Bilgi,11,Fiz11-U1,FİZ.11.1.2,c
Fiz02MK0094,Beceri,11,Fiz11-U1,FİZ.11.1.2,c
Fiz02MK0095,Beceri,11,Fiz11-U1,FİZ.11.1.2,c
Fiz02MK0096,Beceri,11,Fiz11-U1,FİZ.11.1.3,a
Fiz02MK0097,Bilgi,11,Fiz11-U1,FİZ.11.1.3,a
Fiz02MK0098,Bilgi,11,Fiz11-U1,FİZ.11.1.3,a
Fiz02MK0099,Bilgi,11,Fiz11-U1,FİZ.11.1.3,b
Fiz02MK0100,Bilgi,11,Fiz11-U1,FİZ.11.1.3,b
Fiz02MK0101,Beceri,11,Fiz11-U1,FİZ.11.1.3,b
Fiz02MK0102,Bilgi,11,Fiz11-U1,FİZ.11.1.3,b
Fiz02MK0103,Bilgi,11,Fiz11-U1,FİZ.11.1.3,b
Fiz02MK0104,Bilgi,11,Fiz11-U1,FİZ.11.1.3,b
Fiz02MK0105,Beceri,11,Fiz11-U1,FİZ.11.1.3,b
Fiz02MK0106,Beceri,11,Fiz11-U1,FİZ.11.1.3,b
Fiz02MK0107,Bilgi,11,Fiz11-U1,FİZ.11.1.4,a
Fiz02MK0108,Bilgi,11,Fiz11-U1,FİZ.11.1.4,a
Fiz02MK0109,Bilgi,11,Fiz11-U1,FİZ.11.1.4,a
Fiz02MK0110,Bilgi,11,Fiz11-U1,FİZ.11.1.4,a
Fiz02MK0111,Bilgi,11,Fiz11-U1,FİZ.11.1.4,b
Fiz02MK0112,Bilgi,11,Fiz11-U1,FİZ.11.1.4,b
Fiz02MK0113,Bilgi,11,Fiz11-U1,FİZ.11.1.4,b
Fiz02MK0114,Beceri,11,Fiz11-U1,FİZ.11.1.4,b
Fiz02MK0115,Beceri,11,Fiz11-U1,FİZ.11.1.4,b
Fiz02MK0116,Bilgi,11,Fiz11-U1,FİZ.11.1.5,a
Fiz02MK0117,Bilgi,11,Fiz11-U1,FİZ.11.1.5,a
Fiz02MK0118,Bilgi,11,Fiz11-U1,FİZ.11.1.5,a
Fiz02MK0119,Bilgi,11,Fiz11-U1,FİZ.11.1.5,a
Fiz02MK0120,Bilgi,11,Fiz11-U1,FİZ.11.1.5,a
Fiz02MK0121,Beceri,11,Fiz11-U1,FİZ.11.1.5,b
Fiz02MK0122,Bilgi,11,Fiz11-U1,FİZ.11.1.5,c
Fiz02MK0123,Bilgi,11,Fiz11-U1,FİZ.11.1.5,c
Fiz02MK0124,Bilgi,11,Fiz11-U1,FİZ.11.1.5,c
Fiz02MK0125,Beceri,11,Fiz11-U1,FİZ.11.1.5,c
Fiz02MK0126,Beceri,11,Fiz11-U1,FİZ.11.1.5,c
Fiz02MK0127,Beceri,11,Fiz11-U1,FİZ.11.1.5,c
Fiz02MK0128,Beceri,11,Fiz11-U1,FİZ.11.1.5,c
Fiz02MK0129,Bilgi,11,Fiz11-U1,FİZ.11.1.6,a
Fiz02MK0130,Bilgi,11,Fiz11-U1,FİZ.11.1.6,a
Fiz02MK0131,Bilgi,11,Fiz11-U1,FİZ.11.1.6,"b, c"
Fiz02MK0132,Bilgi,11,Fiz11-U1,FİZ.11.1.6,"b, c"
Fiz02MK0133,Bilgi,11,Fiz11-U1,FİZ.11.1.6,"b, c"
Fiz02MK0134,Beceri,11,Fiz11-U1,FİZ.11.1.7,a
Fiz02MK0135,Beceri,11,Fiz11-U1,FİZ.11.1.7,a
Fiz02MK0136,Beceri,11,Fiz11-U1,FİZ.11.1.7,a
Fiz02MK0137,Beceri,11,Fiz11-U1,FİZ.11.1.7,a
Fiz02MK0138,Bilgi,11,Fiz11-U1,FİZ.11.1.7,b
Fiz02MK0139,Beceri,11,Fiz11-U1,FİZ.11.1.7,b
Fiz02MK0140,Beceri,11,Fiz11-U1,FİZ.11.1.7,b
Fiz02MK0141,Bilgi,11,Fiz11-U1,FİZ.11.1.8,a
Fiz02MK0142,Bilgi,11,Fiz11-U1,FİZ.11.1.8,a
Fiz02MK0143,Bilgi,11,Fiz11-U1,FİZ.11.1.8,a
Fiz02MK0144,Bilgi,11,Fiz11-U1,FİZ.11.1.8,a
Fiz02MK0145,Bilgi,11,Fiz11-U1,FİZ.11.1.8,a
Fiz02MK0146,Beceri,11,Fiz11-U1,FİZ.11.1.8,b
Fiz02MK0147,Bilgi,11,Fiz11-U1,FİZ.11.1.8,c
Fiz02MK0148,Bilgi,11,Fiz11-U1,FİZ.11.1.8,c
Fiz02MK0149,Bilgi,11,Fiz11-U1,FİZ.11.1.9,"a, b"
Fiz02MK0150,Bilgi,11,Fiz11-U1,FİZ.11.1.9,c
Fiz02MK0151,Bilgi,11,Fiz11-U1,FİZ.11.1.9,c
Fiz02MK0152,Bilgi,11,Fiz11-U1,FİZ.11.1.10,a
Fiz02MK0153,Bilgi,11,Fiz11-U1,FİZ.11.1.10,a
Fiz02MK0154,Beceri,11,Fiz11-U1,FİZ.11.1.10,a
Fiz02MK0155,Beceri,11,Fiz11-U1,FİZ.11.1.10,a
Fiz02MK0156,Beceri,11,Fiz11-U1,FİZ.11.1.10,a
Fiz02MK0157,Bilgi,11,Fiz11-U1,FİZ.11.1.10,a
Fiz02MK0158,Bilgi,11,Fiz11-U1,FİZ.11.1.10,a
Fiz02MK0159,Beceri,11,Fiz11-U1,FİZ.11.1.10,a
Fiz02MK0160,Beceri,11,Fiz11-U1,FİZ.11.1.10,a
Fiz02MK0161,Beceri,11,Fiz11-U1,FİZ.11.1.10,b
Fiz02MK0162,Beceri,11,Fiz11-U1,FİZ.11.1.10,b
Fiz02MK0163,Beceri,11,Fiz11-U1,FİZ.11.1.10,b
Fiz02MK0164,Beceri,11,Fiz11-U1,FİZ.11.1.10,b
Fiz02MK0165,Beceri,11,Fiz11-U1,FİZ.11.1.10,b
Fiz02MK0166,Beceri,11,Fiz11-U1,FİZ.11.1.10,b
Fiz02MK0167,Beceri,11,Fiz11-U1,FİZ.11.1.10,b
Fiz02MK0168,Beceri,11,Fiz11-U1,FİZ.11.1.10,b
Fiz02MK0169,Beceri,11,Fiz11-U1,FİZ.11.1.10,b
Fiz02MK0170,Beceri,11,Fiz11-U1,FİZ.11.1.10,b
Fiz06MK0003,Bilgi,11,Fiz11-U1,FİZ.11.1.10,a
Fiz06MK0004,Bilgi,11,Fiz11-U1,FİZ.11.1.10,a
Fiz06MK0005,Bilgi,11,Fiz11-U1,FİZ.11.1.10,a
Fiz05MK0086,Bilgi,11,Fiz11-U2,FİZ.11.2.1,a
Fiz05MK0087,Bilgi,11,Fiz11-U2,FİZ.11.2.1,a
Fiz05MK0088,Bilgi,11,Fiz11-U2,FİZ.11.2.1,a
Fiz05MK0089,Bilgi,11,Fiz11-U2,FİZ.11.2.1,a
Fiz05MK0090,Beceri,11,Fiz11-U2,FİZ.11.2.1,a
Fiz05MK0091,Bilgi,11,Fiz11-U2,FİZ.11.2.1,b
Fiz05MK0092,Bilgi,11,Fiz11-U2,FİZ.11.2.1,b
Fiz05MK0093,Bilgi,11,Fiz11-U2,FİZ.11.2.2,a
Fiz05MK0094,Beceri,11,Fiz11-U2,FİZ.11.2.2,a
Fiz05MK0095,Bilgi,11,Fiz11-U2,FİZ.11.2.2,b
Fiz05MK0096,Bilgi,11,Fiz11-U2,FİZ.11.2.2,b
Fiz05MK0097,Beceri,11,Fiz11-U2,FİZ.11.2.2,b
Fiz05MK0098,Beceri,11,Fiz11-U2,FİZ.11.2.2,b
Fiz05MK0099,Beceri,11,Fiz11-U2,FİZ.11.2.3,"a, b"
Fiz05MK0100,Beceri,11,Fiz11-U2,FİZ.11.2.3,c
Fiz05MK0101,Bilgi,11,Fiz11-U2,FİZ.11.2.3,c
Fiz05MK0102,Beceri,11,Fiz11-U2,FİZ.11.2.3,ç
Fiz05MK0103,Bilgi,11,Fiz11-U2,FİZ.11.2.4,a
Fiz05MK0104,Bilgi,11,Fiz11-U2,FİZ.11.2.4,a
Fiz05MK0105,Bilgi,11,Fiz11-U2,FİZ.11.2.4,a
Fiz05MK0106,Beceri,11,Fiz11-U2,FİZ.11.2.4,b
Fiz05MK0107,Bilgi,11,Fiz11-U2,FİZ.11.2.4,c
Fiz05MK0108,Bilgi,11,Fiz11-U2,FİZ.11.2.4,c
Fiz05MK0109,Bilgi,11,Fiz11-U2,FİZ.11.2.4,c
Fiz05MK0110,Bilgi,11,Fiz11-U2,FİZ.11.2.4,c
Fiz05MK0111,Bilgi,11,Fiz11-U2,FİZ.11.2.5,a
Fiz05MK0112,Bilgi,11,Fiz11-U2,FİZ.11.2.5,a
Fiz05MK0113,Beceri,11,Fiz11-U2,FİZ.11.2.5,a
Fiz05MK0114,Beceri,11,Fiz11-U2,FİZ.11.2.5,b
Fiz05MK0115,Bilgi,11,Fiz11-U2,FİZ.11.2.5,b
Fiz05MK0116,Bilgi,11,Fiz11-U2,FİZ.11.2.5,b
Fiz05MK0117,Beceri,11,Fiz11-U2,FİZ.11.2.6,a
Fiz05MK0118,Bilgi,11,Fiz11-U2,FİZ.11.2.6,b
Fiz05MK0119,Beceri,11,Fiz11-U2,FİZ.11.2.6,b
Fiz05MK0120,Beceri,11,Fiz11-U2,FİZ.11.2.7,"a, b"
Fiz05MK0121,Beceri,11,Fiz11-U2,FİZ.11.2.7,c
Fiz05MK0122,Beceri,11,Fiz11-U2,FİZ.11.2.7,ç
Fiz05MK0123,Bilgi,11,Fiz11-U2,FİZ.11.2.8,a
Fiz05MK0124,Bilgi,11,Fiz11-U2,FİZ.11.2.8,a
Fiz05MK0125,Bilgi,11,Fiz11-U2,FİZ.11.2.8,a
Fiz05MK0126,Beceri,11,Fiz11-U2,FİZ.11.2.8,a
Fiz05MK0127,Beceri,11,Fiz11-U2,FİZ.11.2.8,b
Fiz05MK0128,Bilgi,11,Fiz11-U2,FİZ.11.2.8,b
Fiz05MK0129,Bilgi,11,Fiz11-U2,FİZ.11.2.8,b
Fiz05MK0130,Bilgi,11,Fiz11-U2,FİZ.11.2.9,"a, b"
Fiz05MK0131,Beceri,11,Fiz11-U2,FİZ.11.2.9,b
Fiz05MK0132,Beceri,11,Fiz11-U2,FİZ.11.2.9,c
Fiz05MK0133,Beceri,11,Fiz11-U2,FİZ.11.2.9,c
Fiz05MK0134,Bilgi,11,Fiz11-U2,FİZ.11.2.10,a
Fiz05MK0135,Bilgi,11,Fiz11-U2,FİZ.11.2.10,b
Fiz05MK0136,Bilgi,11,Fiz11-U2,FİZ.11.2.10,b
Fiz05MK0137,Bilgi,11,Fiz11-U2,FİZ.11.2.10,b
Fiz05MK0138,Bilgi,11,Fiz11-U2,FİZ.11.2.11,a
Fiz05MK0139,Beceri,11,Fiz11-U2,FİZ.11.2.11,a
Fiz05MK0140,Bilgi,11,Fiz11-U2,FİZ.11.2.11,b
Fiz05MK0141,Bilgi,11,Fiz11-U2,FİZ.11.2.11,b
Fiz05MK0142,Bilgi,11,Fiz11-U2,FİZ.11.2.11,b
Fiz05MK0143,Bilgi,11,Fiz11-U2,FİZ.11.2.12,a
Fiz05MK0144,Bilgi,11,Fiz11-U2,FİZ.11.2.12,a
Fiz05MK0145,Beceri,11,Fiz11-U2,FİZ.11.2.12,b
Fiz05MK0146,Bilgi,11,Fiz11-U2,FİZ.11.2.12,c
Fiz05MK0147,Bilgi,11,Fiz11-U2,FİZ.11.2.12,c
Fiz05MK0148,Bilgi,11,Fiz11-U2,FİZ.11.2.13,a
Fiz05MK0149,Bilgi,11,Fiz11-U2,FİZ.11.2.13,a
Fiz05MK0150,Bilgi,11,Fiz11-U2,FİZ.11.2.13,a
Fiz05MK0151,Beceri,11,Fiz11-U2,FİZ.11.2.13,b
Fiz05MK0152,Bilgi,11,Fiz11-U2,FİZ.11.2.13,c
Fiz05MK0153,Beceri,11,Fiz11-U2,FİZ.11.2.13,c
Fiz05MK0154,Beceri,11,Fiz11-U2,FİZ.11.2.13,c
Fiz07MK0001,Bilgi,11,Fiz11-U3,FİZ.11.3.1,a
Fiz07MK0002,Bilgi,11,Fiz11-U3,FİZ.11.3.1,a
Fiz07MK0003,Bilgi,11,Fiz11-U3,FİZ.11.3.1,a
Fiz07MK0004,Beceri,11,Fiz11-U3,FİZ.11.3.1,b
Fiz07MK0005,Bilgi,11,Fiz11-U3,FİZ.11.3.1,c
Fiz07MK0006,Bilgi,11,Fiz11-U3,FİZ.11.3.1,c
Fiz07MK0007,Bilgi,11,Fiz11-U3,FİZ.11.3.1,c
Fiz07MK0008,Beceri,11,Fiz11-U3,FİZ.11.3.1,c
Fiz07MK0009,Bilgi,11,Fiz11-U3,FİZ.11.3.2,a
Fiz07MK0010,Bilgi,11,Fiz11-U3,FİZ.11.3.2,a
Fiz07MK0011,Bilgi,11,Fiz11-U3,FİZ.11.3.2,a
Fiz07MK0012,Bilgi,11,Fiz11-U3,FİZ.11.3.2,a
Fiz07MK0013,Bilgi,11,Fiz11-U3,FİZ.11.3.2,a
Fiz07MK0014,Bilgi,11,Fiz11-U3,FİZ.11.3.2,a
Fiz07MK0015,Beceri,11,Fiz11-U3,FİZ.11.3.2,a
Fiz07MK0016,Beceri,11,Fiz11-U3,FİZ.11.3.2,a
Fiz07MK0017,Beceri,11,Fiz11-U3,FİZ.11.3.2,a
Fiz07MK0018,Beceri,11,Fiz11-U3,FİZ.11.3.2,b
Fiz07MK0019,Bilgi,11,Fiz11-U3,FİZ.11.3.3,a
Fiz07MK0020,Bilgi,11,Fiz11-U3,FİZ.11.3.3,a
Fiz07MK0021,Bilgi,11,Fiz11-U3,FİZ.11.3.3,a
Fiz07MK0022,Bilgi,11,Fiz11-U3,FİZ.11.3.3,a
Fiz07MK0023,Beceri,11,Fiz11-U3,FİZ.11.3.3,a
Fiz07MK0024,Beceri,11,Fiz11-U3,FİZ.11.3.3,a
Fiz07MK0025,Bilgi,11,Fiz11-U3,FİZ.11.3.3,"b, c"
Fiz07MK0026,Bilgi,11,Fiz11-U3,FİZ.11.3.3,"b, c"
Fiz07MK0027,Bilgi,11,Fiz11-U3,FİZ.11.3.3,"b, c"
Fiz07MK0028,Beceri,11,Fiz11-U3,FİZ.11.3.4,a
Fiz07MK0029,Beceri,11,Fiz11-U3,FİZ.11.3.4,b
Fiz07MK0030,Bilgi,11,Fiz11-U3,FİZ.11.3.4,b
Fiz07MK0031,Bilgi,11,Fiz11-U3,FİZ.11.3.4,b
Fiz07MK0032,Bilgi,11,Fiz11-U3,FİZ.11.3.4,b
Fiz07MK0033,Bilgi,11,Fiz11-U3,FİZ.11.3.5,a
Fiz07MK0034,Beceri,11,Fiz11-U3,FİZ.11.3.5,a
Fiz07MK0035,Beceri,11,Fiz11-U3,FİZ.11.3.5,a
Fiz07MK0036,Beceri,11,Fiz11-U3,FİZ.11.3.5,b
Fiz07MK0037,Beceri,11,Fiz11-U3,FİZ.11.3.5,b
Fiz07MK0038,Bilgi,11,Fiz11-U3,FİZ.11.3.5,b
Fiz07MK0039,Bilgi,11,Fiz11-U3,FİZ.11.3.5,b
Fiz07MK0040,Beceri,11,Fiz11-U3,FİZ.11.3.5,b
Fiz07MK0041,Beceri,11,Fiz11-U3,FİZ.11.3.5,b
Fiz07MK0042,Bilgi,11,Fiz11-U3,FİZ.11.3.5,b
Fiz07MK0043,Bilgi,11,Fiz11-U3,FİZ.11.3.6,a
Fiz07MK0044,Bilgi,11,Fiz11-U3,FİZ.11.3.6,a
Fiz07MK0045,Beceri,11,Fiz11-U3,FİZ.11.3.6,b
Fiz07MK0046,Bilgi,11,Fiz11-U3,FİZ.11.3.6,c
Fiz07MK0047,Bilgi,11,Fiz11-U3,FİZ.11.3.6,c
Fiz07MK0048,Beceri,11,Fiz11-U3,FİZ.11.3.7,"a, b"
Fiz07MK0049,Beceri,11,Fiz11-U3,FİZ.11.3.7,c
Fiz07MK0050,Bilgi,11,Fiz11-U3,FİZ.11.3.7,c
Fiz07MK0051,Beceri,11,Fiz11-U3,FİZ.11.3.7,ç
Fiz07MK0052,Beceri,11,Fiz11-U3,FİZ.11.3.8,a
Fiz07MK0053,Beceri,11,Fiz11-U3,FİZ.11.3.8,a
Fiz07MK0054,Beceri,11,Fiz11-U3,FİZ.11.3.8,b
Fiz07MK0055,Bilgi,11,Fiz11-U3,FİZ.11.3.9,a
Fiz07MK0056,Bilgi,11,Fiz11-U3,FİZ.11.3.9,a
Fiz07MK0057,Bilgi,11,Fiz11-U3,FİZ.11.3.9,a
Fiz07MK0058,Beceri,11,Fiz11-U3,FİZ.11.3.9,a
Fiz07MK0059,Beceri,11,Fiz11-U3,FİZ.11.3.9,a
Fiz07MK0060,Bilgi,11,Fiz11-U3,FİZ.11.3.9,"b, c"
Fiz07MK0061,Bilgi,11,Fiz11-U3,FİZ.11.3.9,"b, c"
Fiz07MK0062,Beceri,11,Fiz11-U3,FİZ.11.3.10,a
Fiz07MK0063,Beceri,11,Fiz11-U3,FİZ.11.3.10,b
Fiz07MK0064,Bilgi,11,Fiz11-U3,FİZ.11.3.10,b
Fiz07MK0065,Bilgi,11,Fiz11-U3,FİZ.11.3.10,b
Fiz07MK0066,Bilgi,11,Fiz11-U3,FİZ.11.3.10,b
Fiz02MK0171,Bilgi,12,Fiz12-U1,FİZ.12.1.1,a
Fiz02MK0172,Bilgi,12,Fiz12-U1,FİZ.12.1.1,a
Fiz02MK0173,Bilgi,12,Fiz12-U1,FİZ.12.1.1,a
Fiz02MK0174,Bilgi,12,Fiz12-U1,FİZ.12.1.1,a
Fiz02MK0175,Beceri,12,Fiz12-U1,FİZ.12.1.1,a
Fiz02MK0176,Beceri,12,Fiz12-U1,FİZ.12.1.1,b
Fiz02MK0177,Beceri,12,Fiz12-U1,FİZ.12.1.1,b
Fiz02MK0178,Beceri,12,Fiz12-U1,FİZ.12.1.2,a
Fiz02MK0179,Beceri,12,Fiz12-U1,FİZ.12.1.2,b
Fiz02MK0180,Bilgi,12,Fiz12-U1,FİZ.12.1.2,c
Fiz02MK0181,Bilgi,12,Fiz12-U1,FİZ.12.1.2,c
Fiz02MK0182,Bilgi,12,Fiz12-U1,FİZ.12.1.2,c
Fiz02MK0183,Beceri,12,Fiz12-U1,FİZ.12.1.2,c
Fiz02MK0184,Beceri,12,Fiz12-U1,FİZ.12.1.2,c
Fiz02MK0185,Beceri,12,Fiz12-U1,FİZ.12.1.2,c
Fiz02MK0186,Bilgi,12,Fiz12-U1,FİZ.12.1.3,a
Fiz02MK0187,Bilgi,12,Fiz12-U1,FİZ.12.1.3,a
Fiz02MK0188,Bilgi,12,Fiz12-U1,FİZ.12.1.3,a
Fiz02MK0189,Beceri,12,Fiz12-U1,FİZ.12.1.3,b
Fiz02MK0190,Bilgi,12,Fiz12-U1,FİZ.12.1.3,c
Fiz02MK0191,Bilgi,12,Fiz12-U1,FİZ.12.1.3,c
Fiz02MK0192,Beceri,12,Fiz12-U1,FİZ.12.1.3,c
Fiz02MK0193,Beceri,12,Fiz12-U1,FİZ.12.1.4,a
Fiz02MK0194,Beceri,12,Fiz12-U1,FİZ.12.1.4,b
Fiz02MK0195,Beceri,12,Fiz12-U1,FİZ.12.1.4,b
Fiz02MK0196,Beceri,12,Fiz12-U1,FİZ.12.1.4,b
Fiz02MK0197,Beceri,12,Fiz12-U1,FİZ.12.1.4,c
Fiz02MK0198,Beceri,12,Fiz12-U1,FİZ.12.1.5,a
Fiz02MK0199,Bilgi,12,Fiz12-U1,FİZ.12.1.5,b
Fiz02MK0200,Bilgi,12,Fiz12-U1,FİZ.12.1.5,b
Fiz02MK0201,Bilgi,12,Fiz12-U1,FİZ.12.1.5,c
Fiz02MK0202,Bilgi,12,Fiz12-U1,FİZ.12.1.6,a
Fiz02MK0203,Bilgi,12,Fiz12-U1,FİZ.12.1.6,a
Fiz02MK0204,Bilgi,12,Fiz12-U1,FİZ.12.1.6,b
Fiz02MK0205,Bilgi,12,Fiz12-U1,FİZ.12.1.6,c
Fiz04MK0115,Beceri,12,Fiz12-U2,FİZ.12.2.1,a
Fiz04MK0116,Beceri,12,Fiz12-U2,FİZ.12.2.1,b
Fiz04MK0117,Bilgi,12,Fiz12-U2,FİZ.12.2.1,b
Fiz04MK0118,Beceri,12,Fiz12-U2,FİZ.12.2.2,a
Fiz04MK0119,Beceri,12,Fiz12-U2,FİZ.12.2.2,b
Fiz04MK0120,Bilgi,12,Fiz12-U2,FİZ.12.2.2,b
Fiz04MK0121,Bilgi,12,Fiz12-U2,FİZ.12.2.2,b
Fiz04MK0122,Bilgi,12,Fiz12-U2,FİZ.12.2.2,b
Fiz04MK0123,Beceri,12,Fiz12-U2,FİZ.12.2.3,a
Fiz04MK0124,Beceri,12,Fiz12-U2,FİZ.12.2.3,b
Fiz04MK0125,Beceri,12,Fiz12-U2,FİZ.12.2.3,b
Fiz04MK0126,Beceri,12,Fiz12-U2,FİZ.12.2.4,a
Fiz04MK0127,Beceri,12,Fiz12-U2,FİZ.12.2.4,b
Fiz04MK0128,Beceri,12,Fiz12-U2,FİZ.12.2.4,c
Fiz04MK0129,Beceri,12,Fiz12-U2,FİZ.12.2.4,c
Fiz04MK0130,Bilgi,12,Fiz12-U2,FİZ.12.2.5,a
Fiz04MK0131,Bilgi,12,Fiz12-U2,FİZ.12.2.5,a
Fiz04MK0132,Beceri,12,Fiz12-U2,FİZ.12.2.5,b
Fiz04MK0133,Beceri,12,Fiz12-U2,FİZ.12.2.5,c
Fiz04MK0134,Bilgi,12,Fiz12-U2,FİZ.12.2.6,a
Fiz04MK0135,Bilgi,12,Fiz12-U2,FİZ.12.2.6,b
Fiz04MK0136,Bilgi,12,Fiz12-U2,FİZ.12.2.6,b
Fiz04MK0137,Beceri,12,Fiz12-U2,FİZ.12.2.6,c
Fiz04MK0138,Beceri,12,Fiz12-U2,FİZ.12.2.6,c
Fiz04MK0139,Beceri,12,Fiz12-U2,FİZ.12.2.6,c
Fiz06MK0066,Beceri,12,Fiz12-U3,FİZ.12.3.1,a
Fiz06MK0067,Bilgi,12,Fiz12-U3,FİZ.12.3.1,b
Fiz06MK0068,Bilgi,12,Fiz12-U3,FİZ.12.3.1,b
Fiz06MK0069,Bilgi,12,Fiz12-U3,FİZ.12.3.1,c
Fiz06MK0070,Beceri,12,Fiz12-U3,FİZ.12.3.2,a
Fiz06MK0071,Bilgi,12,Fiz12-U3,FİZ.12.3.2,a
Fiz06MK0072,Bilgi,12,Fiz12-U3,FİZ.12.3.2,a
Fiz06MK0073,Bilgi,12,Fiz12-U3,FİZ.12.3.2,b
Fiz06MK0074,Bilgi,12,Fiz12-U3,FİZ.12.3.2,b
Fiz06MK0075,Bilgi,12,Fiz12-U3,FİZ.12.3.2,b
Fiz06MK0076,Bilgi,12,Fiz12-U3,FİZ.12.3.2,c
Fiz06MK0077,Bilgi,12,Fiz12-U3,FİZ.12.3.2,c
Fiz06MK0078,Beceri,12,Fiz12-U3,FİZ.12.3.3,a
Fiz06MK0079,Beceri,12,Fiz12-U3,FİZ.12.3.3,b
Fiz06MK0080,Bilgi,12,Fiz12-U3,FİZ.12.3.3,b
Fiz06MK0081,Bilgi,12,Fiz12-U3,FİZ.12.3.3,b
Fiz06MK0082,Bilgi,12,Fiz12-U3,FİZ.12.3.3,b
Fiz06MK0083,Bilgi,12,Fiz12-U3,FİZ.12.3.3,b
Fiz06MK0084,Beceri,12,Fiz12-U3,FİZ.12.3.4,a
Fiz06MK0085,Beceri,12,Fiz12-U3,FİZ.12.3.4,b
Fiz06MK0086,Bilgi,12,Fiz12-U3,FİZ.12.3.4,b
Fiz06MK0087,Bilgi,12,Fiz12-U3,FİZ.12.3.5,a
Fiz06MK0088,Bilgi,12,Fiz12-U3,FİZ.12.3.5,a
Fiz06MK0089,Bilgi,12,Fiz12-U3,FİZ.12.3.5,"b, c, ç"
Fiz06MK0090,Bilgi,12,Fiz12-U3,FİZ.12.3.6,a
Fiz06MK0091,Bilgi,12,Fiz12-U3,FİZ.12.3.6,b
Fiz06MK0092,Bilgi,12,Fiz12-U3,FİZ.12.3.6,b
Fiz06MK0093,Beceri,12,Fiz12-U3,FİZ.12.3.7,"a, b"
Fiz06MK0094,Beceri,12,Fiz12-U3,FİZ.12.3.7,c
Fiz06MK0095,Beceri,12,Fiz12-U3,FİZ.12.3.7,ç
Fiz06MK0096,Bilgi,12,Fiz12-U3,FİZ.12.3.7,d
Fiz06MK0097,Bilgi,12,Fiz12-U3,FİZ.12.3.7,d
Fiz08MK0001,Bilgi,12,Fiz12-U4,FİZ.12.4.1,a
Fiz08MK0002,Bilgi,12,Fiz12-U4,FİZ.12.4.1,a
Fiz08MK0003,Bilgi,12,Fiz12-U4,FİZ.12.4.1,b
Fiz08MK0004,Beceri,12,Fiz12-U4,FİZ.12.4.2,a
Fiz08MK0005,Beceri,12,Fiz12-U4,FİZ.12.4.2,b
Fiz08MK0006,Beceri,12,Fiz12-U4,FİZ.12.4.2,b
Fiz08MK0007,Bilgi,12,Fiz12-U4,FİZ.12.4.2,c
Fiz08MK0008,Bilgi,12,Fiz12-U4,FİZ.12.4.2,c
Fiz08MK0009,Bilgi,12,Fiz12-U4,FİZ.12.4.2,c
Fiz08MK0010,Bilgi,12,Fiz12-U4,FİZ.12.4.3,a
Fiz08MK0011,Beceri,12,Fiz12-U4,FİZ.12.4.3,"a, b"
Fiz08MK0012,Beceri,12,Fiz12-U4,FİZ.12.4.3,c
Fiz08MK0013,Beceri,12,Fiz12-U4,FİZ.12.4.3,ç
Fiz08MK0014,Bilgi,12,Fiz12-U4,FİZ.12.4.3,d
Fiz08MK0015,Bilgi,12,Fiz12-U4,FİZ.12.4.4,a
Fiz08MK0016,Bilgi,12,Fiz12-U4,FİZ.12.4.4,a
Fiz08MK0017,Bilgi,12,Fiz12-U4,FİZ.12.4.4,a
Fiz08MK0018,Beceri,12,Fiz12-U4,FİZ.12.4.4,"a, b"
Fiz08MK0019,Beceri,12,Fiz12-U4,FİZ.12.4.4,c
Fiz08MK0020,Beceri,12,Fiz12-U4,FİZ.12.4.4,ç
Fiz08MK0021,Bilgi,12,Fiz12-U4,FİZ.12.4.4,d
Fiz08MK0022,Bilgi,12,Fiz12-U4,FİZ.12.4.5,a
Fiz08MK0023,Beceri,12,Fiz12-U4,FİZ.12.4.5,"a, b"
Fiz08MK0024,Beceri,12,Fiz12-U4,FİZ.12.4.5,c
Fiz08MK0025,Beceri,12,Fiz12-U4,FİZ.12.4.5,ç
Fiz08MK0026,Bilgi,12,Fiz12-U4,FİZ.12.4.5,d
Fiz08MK0027,Bilgi,12,Fiz12-U4,FİZ.12.4.5,d
Fiz08MK0028,Bilgi,12,Fiz12-U4,FİZ.12.4.6,a
Fiz08MK0029,Bilgi,12,Fiz12-U4,FİZ.12.4.6,a
Fiz08MK0030,Bilgi,12,Fiz12-U4,FİZ.12.4.6,a
Fiz08MK0031,Bilgi,12,Fiz12-U4,FİZ.12.4.6,a
Fiz08MK0032,Bilgi,12,Fiz12-U4,FİZ.12.4.6,b
Fiz08MK0033,Bilgi,12,Fiz12-U4,FİZ.12.4.7,a
Fiz08MK0034,Bilgi,12,Fiz12-U4,FİZ.12.4.7,a
Fiz08MK0035,Bilgi,12,Fiz12-U4,FİZ.12.4.7,b
Fiz08MK0036,Beceri,12,Fiz12-U4,FİZ.12.4.8,"a, b"
Fiz08MK0037,Beceri,12,Fiz12-U4,FİZ.12.4.8,c
Fiz08MK0038,Beceri,12,Fiz12-U4,FİZ.12.4.8,ç
Fiz08MK0039,Bilgi,12,Fiz12-U4,FİZ.12.4.8,d
Fiz08MK0040,Bilgi,12,Fiz12-U4,FİZ.12.4.8,d
