kod,sinif,unite_no,unite_adi,ana_unite,ana_unite_adi,tymm_url
Fiz09-U1,9,1,Fizik Bilimi ve Kariyer Keşfi,01,Fizik Bilimi ve Kariyer,https://tymm.meb.gov.tr/fizik-dersi/unite/43
Fiz09-U2,9,2,Kuvvet ve Hareket,02,Kuvvet ve Hareket,https://tymm.meb.gov.tr/fizik-dersi/unite/57
Fiz09-U3,9,3,Akışkanlar,03,Akışkanlar,https://tymm.meb.gov.tr/fizik-dersi/unite/65
Fiz09-U4,9,4,Enerji,04,Enerji,https://tymm.meb.gov.tr/fizik-dersi/unite/82
Fiz10-U1,10,1,Kuvvet ve Hareket,02,Kuvvet ve Hareket,https://tymm.meb.gov.tr/fizik-dersi/unite/100
Fiz10-U2,10,2,Enerji,04,Enerji,https://tymm.meb.gov.tr/fizik-dersi/unite/108
Fiz10-U3,10,3,Elektrik,05,Elektrik ve Manyetizma,https://tymm.meb.gov.tr/fizik-dersi/unite/111
Fiz10-U4,10,4,Dalgalar,06,Dalgalar,https://tymm.meb.gov.tr/fizik-dersi/unite/122
Fiz11-U1,11,1,Kuvvet ve Hareket,02,Kuvvet ve Hareket,https://tymm.meb.gov.tr/fizik-dersi/unite/243
Fiz11-U2,11,2,Elektrik ve Manyetizma,05,Elektrik ve Manyetizma,https://tymm.meb.gov.tr/fizik-dersi/unite/248
Fiz11-U3,11,3,Optik,07,Optik,https://tymm.meb.gov.tr/fizik-dersi/unite/259
Fiz12-U1,12,1,Kuvvet ve Hareket,02,Kuvvet ve Hareket,https://tymm.meb.gov.tr/fizik-dersi/unite/266
Fiz12-U2,12,2,Enerji,04,Enerji,https://tymm.meb.gov.tr/fizik-dersi/unite/268
Fiz12-U3,12,3,Dalgalar,06,Dalgalar,https://tymm.meb.gov.tr/fizik-dersi/unite/273
Fiz12-U4,12,4,Madde ve Doğası,08,Madde ve Doğası,https://tymm.meb.gov.tr/fizik-dersi/unite/279
