islem_turu,deger,grup,tanim,tipik_fiiller,ornekler
Tanıma ve hatırlama,1,Küçük,"Bir terimi, sembolü, kuralı, olayı ya da kelimeyi tanır veya hatırlar.","tanır, adlandırır, listeler, eşleştirir, hatırlar, belirtir",Fen: birimi tanır; Tarih: olayı yılıyla eşleştirir; İngilizce: kelimeyi resimle eşleştirir; Din: kavramı tanır
Gözlem ve kayıt,1,Küçük,"Gözlemler, ölçer, sayar, bilgi toplar ve kaydeder.","gözlemler, ölçer, sayar, bilgi toplar, kaydeder",Fen: deney verisini tabloya yazar; Beden: nabzını ölçer; Sosyal: kaynaktan bilgi toplar
Taklit,1,Küçük,"Gösterilen bir hareketi, sesi ya da kalıbı tekrar eder.","tekrar eder, taklit eder, dinleyip söyler",Müzik: ritmi tekrar eder; Beden: temel hareketi yapar; İngilizce: kalıp cümleyi tekrar eder
Kural uygulama,2,Orta,"Bilinen bir kuralı, formülü ya da algoritmayı doğrudan uygular.","hesaplar, uygular, çözer, sıralar, düzeltir",Matematik: işlem yapar; Türkçe: yazım kuralını uygular; İngilizce: fiile zaman eki getirir; Bilişim: algoritma adımlarını izler
Dönüştürme,2,Orta,"Bilgiyi bir biçimden diğerine aktarır (tablo, grafik, şema, sembol, söz).","çizer, gösterir, ifade eder, şemaya döker, çevirir",Matematik: tabloyu grafiğe çevirir; Sosyal: metni zaman şeridine döker; Türkçe: metni şemaya aktarır
Ayırt etme ve sınıflama,2,Orta,"İki ya da daha çok kavramı birbirinden ayırır, gruplar.","ayırt eder, sınıflar, gruplar, ayrıştırır",Türkçe: gerçek ve mecaz anlamı ayırır; Sosyal: doğal ve beşerî unsurları ayırır; Fen: dalgaları sınıflar
Açıklama ve özetleme,2,Orta,"Kendi sözleriyle anlatır, ana fikri ya da özeti çıkarır.","açıklar, özetler, ana fikri belirler, örnek verir",Türkçe: ana fikri belirler; Din: bir ibadetin anlamını açıklar; Fen: olayı kendi cümleleriyle açıklar
Karşılaştırma,2,Orta,Belirli ölçütlere göre benzerlik ve farkları ortaya koyar.,"karşılaştırır, benzerlik ve farkları belirler",Coğrafya: iki iklimi karşılaştırır; İngilizce: iki kişiyi karşılaştırır; Fen: ortamlardaki ses süratini karşılaştırır
Beceri uygulama,2,Orta,"Kurala uygun bir hareketi, çizimi, çalmayı ya da araç kullanımını yapar.","çizer, çalar, bağlar, kullanır, oynar",Görsel Sanatlar: perspektifle çizer; Müzik: notayı çalar; Fen: ampermetreyi bağlar; Beden: kurallı oyunu oynar
Yorumlama,2.585,Büyük,"Bir metinden, kaynaktan, grafikten, haritadan ya da eserden anlam çıkarır.","yorumlar, çıkarımda bulunur, anlamlandırır, tespit eder",Türkçe: metinden çıkarım yapar; Tarih: belgeyi yorumlar; Matematik: grafiği yorumlar; Görsel Sanatlar: eseri yorumlar
Çıkarım ve ilişkilendirme,2.585,Büyük,"Örneklerden kural çıkarır, neden-sonuç ilişkisi kurar, genelleme ya da varsayım yapar, araştırılabilir soru sorar.","genelleme yapar, ilişkilendirir, varsayımda bulunur, soru sorar",Fen: veriden kural çıkarır; Tarih: olayın nedenlerini ilişkilendirir; Matematik: örüntüden kural bulur
Model kurma,3,Çok büyük,"Bir formüle, kurala, şemaya ya da plana kendisi ulaşır; hipotez ya da strateji kurar.","türetir, modeller, hipotez kurar, strateji geliştirir",Matematik: formüle ulaşır; Fen: hipotez kurar; Matematik: çözüm stratejisi geliştirir
Sınama ve değerlendirme,3,Çok büyük,"Bir hipotezi, iddiayı, çözümü ya da kaynağı kanıt ve ölçütlerle sınar, gerekçeli yargıya varır.","test eder, değerlendirir, doğrular, gerekçelendirir, savunur",Fen: hipotezini deneyle sınar; Sosyal: kaynağın güvenilirliğini değerlendirir; Türkçe: görüşünü gerekçeleriyle savunur
Üretme ve tasarım,3,Çok büyük,Özgün bir ürün ortaya koyar.,"yazar, tasarlar, oluşturur, programlar, planlar",Türkçe: metin yazar; İngilizce: paragraf yazar; Bilişim: program yazar; Teknoloji: ürün tasarlar; Fen: deney modeli önerir
Transfer ve problem çözme,3,Çok büyük,"Öğrendiğini yeni ya da günlük hayat bağlamına aktarır, rutin olmayan problemi çözer.","yeni durumda uygular, problem çözer, uyarlar, çözüm önerir",Matematik: günlük hayat problemi çözer; Sosyal: çevresindeki soruna çözüm önerir; Fen: bilgiyi yeni bir duruma aktarır
