no,kural,ornek
1,"Mikro kazanım kodu: <Ders kısaltması><2 haneli ana ünite kodu>MK<4 haneli numara>. Ders kısaltmaları: Fiz (Fizik), Mat (Matematik).",Fiz05MK0056; Mat01MK0175
2,"Ana ünite kodu sınıftan bağımsızdır (01, 02, ...). Aynı konu birden fazla sınıfta işlense de aynı ana ünite kodunu taşır. Fizik: 01 Fizik Bilimi ve Kariyer, 02 Kuvvet ve Hareket, 03 Akışkanlar, 04 Enerji, 05 Elektrik ve Manyetizma, 06 Dalgalar, 07 Optik, 08 Madde ve Doğası.",Fiz05 = Elektrik ve Manyetizma (10. ve 11. sınıf)
3,"Matematikte ana tema kodu da sınıftan bağımsızdır: 01 Sayılar ve Nicelikler, 02 Cebirsel Düşünme ve Değişimler, 03 Geometrik Şekiller, 04 Geometrik Nicelikler, 05 Dönüşüm, 06 İstatistiksel Araştırma Süreci, 07 Veriden Olasılığa. Başka sınıflarda yeni bir tema çıkarsa 08'den devam edilir.",Mat03 = Geometrik Şekiller
4,"4 haneli numara, o ana ünite içinde 0001'den başlayan sıra numarasıdır.",Fiz05MK0035 … Fiz05MK0052
5,"Verilen kod asla değişmez ve silinse bile başka bir mikro kazanıma yeniden verilmez. Kullanımdan kalkan kodun durumu ""iptal"" yapılır.",Fiz05MK0038 iptal edilirse 0004 boş kalır
6,"Aynı şeyi anlatan mikro kazanım başka bir sınıfta ya da öğrenme çıktısında geçerse yeniden yazılmaz; ""Kazanım Eşleme"" sayfasına yeni bir eşleme satırı eklenir. Yeni kod vermeden önce aynı ana ünitedeki mevcut mikro kazanımlar taranır.",Fiz05MK0042 → 10. sınıf FİZ.10.3.4 (b) ve ileride 11. sınıf bir çıktı
7,Kavram yanılgısı kodu: <Ders><2 haneli ana ünite>YG<4 haneli numara>. Yanılgılar da sınıftan bağımsızdır ve aynı kurallara uyar.,Fiz05YG0006
8,Sınıf ünitesi kodu: <Ders><2 haneli sınıf>-U<ünite no> (fizik) ya da <Ders><2 haneli sınıf>-T<tema no> (tema kullanan dersler). Bu kod yalnızca sınıf programındaki yeri gösterir; mikro kazanım koduna girmez.,Fiz10-U3; Mat08-T1
9,"TYMM öğrenme çıktısı kodları (FİZ.10.3.4 gibi) değiştirilmeden, eşleme sayfasında tutulur.",FİZ.10.3.4
10,"Ölçme türü kısaltmaları: ÇS çoktan seçmeli, AU açık uçlu, PG performans görevi/deney (rubrikle).",ÇS; AU
11,"Her güncellemede önce ilgili dersin veri/ klasöründeki CSV dosyaları düzenlenir (ör. Fizik/veri), sonra EVALORA kökünde araclar/excel_uret.py çalıştırılarak tüm Excel dosyaları yeniden üretilir ve ortak/degisiklik_gunlugu.csv'ye satır eklenir.",python3 araclar/excel_uret.py
12,"Her mikro kazanımın türü zorunludur: Bilgi ya da Beceri. Bilgi: bir kavramı, tanımı, kuralı ya da ilişkiyi bilmek, tanımak, açıklamak (ölçülen şey doğru bilgidir). Beceri: bir işlemi, yöntemi ya da süreci yürütmek (ölçer, kaydeder, çizer, hesaplar, bağlar, test eder, değerlendirir; ölçülen şey yapabilmektir). Karar ana fiile ve ölçmede gözlenen çıktıya göre verilir; ikisi birden varsa mikro kazanım bölünür.",Fiz05MK0035 Bilgi; Fiz05MK0051 Beceri
13,"Her mikro kazanımın işlem türü zorunludur (islem_turu sütunu). 15 tür ve değerleri ortak/islem_turleri.csv'dedir: 0.25 Tanıma ve hatırlama, Gözlem ve kayıt, Taklit; 0.5 Kural uygulama, Dönüştürme, Ayırt etme ve sınıflama, Açıklama ve özetleme, Karşılaştırma, Beceri uygulama; 0.75 Yorumlama, Çıkarım ve ilişkilendirme; 1.0 Model kurma, Sınama ve değerlendirme, Üretme ve tasarım, Transfer ve problem çözme. Karar ana fiile ve ölçmede gözlenen çıktıya göre verilir.",Fiz02MK0060: Çıkarım ve ilişkilendirme (0.75)
14,"Zorluk ve seviye elle yazılmaz, haritadan hesaplanır: Zorluk = √(kendi işlem değeri² + doğrudan ön koşullarının işlem değerlerinin kareleri toplamı) (RSS); işlem değeri v = 1 + log₂(sıra) → 1, 2, 2.585, 3; Seviye = ⌊Zorluk⌋ (üstü açık). Gerekçe ve kuramlar: ALGORITMA.md bölüm 4.","Mat11MK0056: √(2² + 2² + 2² + 2.585² + 2²) = 4.76, Seviye 4"
