eski_kod,yeni_kod,not
Mat01MK0001,Mat01MK0175,
Mat01MK0002,Mat01MK0177,
Mat01MK0003,Mat01MK0179,
Mat01MK0004,Mat01MK0182,
Mat01MK0005,Mat01MK0180,
Mat01MK0006,Mat01MK0183,
Mat01MK0007,Mat01MK0186,
Mat01MK0008,Mat01MK0195,
Mat01MK0009,Mat01MK0204,
Mat01MK0010,Mat01MK0207,
Mat01MK0011,Mat01MK0209,
Mat01MK0012,Mat01MK0210,
Mat01MK0013,Mat01MK0212,
Mat01MK0014,Mat01MK0213,
Mat01MK0015,Mat01MK0214,
Mat01MK0016,Mat01MK0216,
Mat01MK0017,Mat01MK0215,
Mat01MK0018,Mat01MK0217,
Mat01MK0019,Mat01MK0218,
Mat01MK0020,Mat01MK0093,
Mat01MK0021,Mat01MK0220,
Mat01MK0022,Mat01MK0221,
Mat01MK0023,Mat01MK0222,
Mat01MK0024,Mat01MK0223,
Mat01MK0025,Mat01MK0224,
Mat01MK0026,Mat01MK0225,
Mat01MK0027,Mat01MK0226,
Mat01MK0028,Mat01MK0228,
Mat01MK0029,Mat01MK0231,
Mat02MK0001,Mat02MK0096,
Mat02MK0002,Mat02MK0100,
Mat02MK0003,Mat02MK0101,
Mat02MK0004,Mat02MK0103,
Mat02MK0005,Mat02MK0105,
Mat02MK0006,Mat02MK0106,
Mat02MK0007,Mat02MK0110,
Mat02MK0008,Mat02MK0111,
Mat02MK0009,Mat02MK0112,
Mat02MK0010,Mat02MK0113,
Mat02MK0011,Mat02MK0115,
Mat02MK0012,Mat02MK0117,
Mat02MK0013,Mat02MK0119,
Mat02MK0014,Mat02MK0121,
Mat02MK0015,Mat02MK0122,
Mat02MK0016,Mat02MK0123,
Mat02MK0017,Mat02MK0125,
Mat02MK0018,Mat02MK0126,
Mat02MK0019,Mat02MK0130,
Mat02MK0020,Mat02MK0131,
Mat02MK0021,Mat02MK0129,
Mat02MK0022,Mat02MK0132,
Mat02MK0023,Mat02MK0135,
Mat02MK0024,Mat02MK0138,
Mat02MK0025,Mat02MK0142,
Mat02MK0026,Mat02MK0143,
Mat02MK0027,Mat02MK0144,
Mat02MK0028,Mat02MK0146,
Mat02MK0029,Mat02MK0147,
Mat02MK0030,Mat02MK0148,
Mat03MK0001,Mat03MK0105,
Mat03MK0002,Mat03MK0107,
Mat03MK0003,Mat03MK0108,
Mat03MK0004,Mat03MK0110,
Mat03MK0005,Mat03MK0111,
Mat03MK0006,Mat03MK0113,
Mat03MK0007,Mat03MK0114,
Mat03MK0008,Mat03MK0115,
Mat03MK0009,Mat03MK0116,
Mat03MK0010,Mat03MK0118,
Mat03MK0011,Mat03MK0119,
Mat03MK0012,Mat03MK0120,
Mat03MK0013,Mat03MK0121,
Mat03MK0014,Mat03MK0122,
Mat03MK0015,Mat03MK0123,
Mat03MK0016,Mat03MK0126,
Mat03MK0017,Mat03MK0127,
Mat03MK0018,Mat03MK0128,
Mat03MK0019,Mat03MK0129,
Mat03MK0020,Mat03MK0130,
Mat03MK0021,Mat03MK0131,
Mat03MK0022,Mat03MK0133,
Mat03MK0023,Mat03MK0136,
Mat03MK0024,Mat03MK0137,
Mat03MK0025,Mat03MK0138,
Mat03MK0026,Mat03MK0140,
Mat03MK0027,Mat03MK0142,
Mat03MK0028,Mat03MK0141,
Mat03MK0029,Mat03MK0143,
Mat03MK0030,Mat03MK0144,
Mat03MK0031,,"iptal edildi, kaldırıldı"
Mat03MK0032,,"iptal edildi, kaldırıldı"
Mat03MK0033,Mat03MK0147,
Mat03MK0034,,"iptal edildi, kaldırıldı"
Mat03MK0035,,"iptal edildi, kaldırıldı"
Mat03MK0036,Mat03MK0150,
Mat03MK0037,Mat03MK0153,
Mat03MK0038,,"iptal edildi, kaldırıldı"
Mat03MK0039,Mat03MK0156,
Mat03MK0040,,"iptal edildi, kaldırıldı"
Mat04MK0001,Mat04MK0132,
Mat04MK0002,Mat04MK0136,
Mat04MK0003,Mat04MK0140,
Mat04MK0004,Mat04MK0142,
Mat04MK0005,Mat04MK0144,
Mat04MK0006,Mat04MK0146,
Mat04MK0007,Mat04MK0147,
Mat04MK0008,Mat04MK0148,
Mat04MK0009,Mat04MK0149,
Mat04MK0010,Mat04MK0150,
Mat04MK0011,Mat04MK0098,
Mat04MK0012,Mat04MK0151,
Mat04MK0013,Mat04MK0152,
Mat04MK0014,Mat04MK0153,
Mat04MK0015,Mat04MK0154,
Mat04MK0016,Mat04MK0155,
Mat05MK0001,Mat05MK0016,
Mat05MK0002,Mat05MK0017,
Mat05MK0003,Mat05MK0019,
Mat05MK0004,Mat05MK0022,
Mat05MK0005,Mat05MK0024,
Mat05MK0006,Mat05MK0026,
Mat05MK0007,Mat05MK0027,
Mat05MK0008,Mat05MK0029,
Mat05MK0009,Mat05MK0031,
Mat05MK0010,Mat05MK0033,
Mat05MK0011,Mat05MK0035,
Mat05MK0012,,"iptal edildi, kaldırıldı"
Mat05MK0013,,"iptal edildi, kaldırıldı"
Mat05MK0014,Mat05MK0037,
Mat05MK0015,,"iptal edildi, kaldırıldı"
Mat05MK0016,,"iptal edildi, kaldırıldı"
Mat05MK0017,Mat05MK0039,
Mat05MK0018,Mat05MK0041,
Mat05MK0019,,"iptal edildi, kaldırıldı"
Mat05MK0020,Mat05MK0043,
Mat05MK0021,,"iptal edildi, kaldırıldı"
Mat06MK0001,Mat06MK0001,
Mat06MK0002,Mat06MK0002,
Mat06MK0003,Mat06MK0004,
Mat06MK0004,Mat06MK0006,
Mat06MK0005,Mat06MK0008,
Mat06MK0006,Mat06MK0010,
Mat06MK0007,Mat06MK0034,
Mat06MK0008,Mat06MK0043,
Mat06MK0009,Mat06MK0044,
Mat06MK0010,Mat06MK0035,
Mat06MK0011,Mat06MK0018,
Mat06MK0012,Mat06MK0019,
Mat06MK0013,Mat06MK0038,
Mat06MK0014,Mat06MK0041,
Mat06MK0015,Mat06MK0021,
Mat06MK0016,Mat06MK0024,
Mat06MK0017,Mat06MK0045,
Mat06MK0018,Mat06MK0027,
Mat07MK0001,Mat07MK0017,
Mat07MK0002,Mat07MK0018,
Mat07MK0003,Mat07MK0019,
Mat07MK0004,Mat07MK0020,
Mat07MK0005,Mat07MK0024,
Mat07MK0006,Mat07MK0025,
Mat07MK0007,Mat07MK0028,
Mat07MK0008,Mat07MK0029,
Mat07MK0009,Mat07MK0030,
Mat01MK0030,Mat01MK0128,
Mat01MK0031,Mat01MK0136,
Mat01MK0032,Mat01MK0137,
Mat01MK0033,Mat01MK0138,
Mat01MK0034,Mat01MK0139,
Mat01MK0035,Mat01MK0140,
Mat01MK0036,Mat01MK0141,
Mat01MK0037,Mat01MK0142,
Mat01MK0038,Mat01MK0143,
Mat01MK0039,Mat01MK0145,
Mat01MK0040,Mat01MK0144,
Mat01MK0041,Mat01MK0150,
Mat01MK0042,Mat01MK0151,
Mat01MK0043,Mat01MK0152,
Mat01MK0044,Mat01MK0153,
Mat01MK0045,Mat01MK0154,
Mat01MK0046,Mat01MK0157,
Mat01MK0047,Mat01MK0159,
Mat01MK0048,Mat01MK0161,
Mat01MK0049,Mat01MK0162,
Mat01MK0050,Mat01MK0163,
Mat01MK0051,Mat01MK0164,
Mat01MK0052,Mat01MK0170,
Mat01MK0053,Mat01MK0171,
Mat01MK0054,Mat01MK0172,
Mat01MK0055,Mat01MK0173,
Mat01MK0056,Mat01MK0174,
Mat02MK0031,Mat02MK0050,
Mat02MK0032,Mat02MK0070,
Mat02MK0033,Mat02MK0073,
Mat02MK0034,Mat02MK0078,
Mat02MK0035,Mat02MK0074,
Mat02MK0036,Mat02MK0081,
Mat02MK0037,Mat02MK0083,
Mat02MK0038,Mat02MK0085,
Mat02MK0039,Mat02MK0087,
Mat02MK0040,Mat02MK0088,
Mat02MK0041,Mat02MK0089,
Mat02MK0042,Mat02MK0090,
Mat02MK0043,Mat02MK0091,
Mat02MK0044,Mat02MK0092,
Mat02MK0045,Mat02MK0093,
Mat05MK0022,Mat05MK0001,
Mat05MK0023,Mat05MK0002,
Mat05MK0024,Mat05MK0004,
Mat05MK0025,Mat05MK0005,
Mat05MK0026,Mat05MK0008,
Mat05MK0027,Mat05MK0010,
Mat05MK0028,Mat05MK0012,
Mat05MK0029,Mat05MK0014,
Mat04MK0017,Mat04MK0067,
Mat04MK0018,Mat04MK0070,
Mat04MK0019,Mat04MK0071,
Mat04MK0020,Mat04MK0072,
Mat04MK0021,Mat04MK0073,
Mat04MK0022,Mat04MK0074,
Mat04MK0023,Mat04MK0075,
Mat04MK0024,Mat04MK0076,
Mat04MK0025,Mat04MK0077,
Mat04MK0026,Mat04MK0078,
Mat04MK0027,Mat04MK0082,
Mat04MK0028,Mat04MK0085,
Mat04MK0029,Mat04MK0087,
Mat04MK0030,Mat04MK0089,
Mat04MK0031,Mat04MK0090,
Mat04MK0032,Mat04MK0092,
Mat04MK0033,Mat04MK0094,
Mat04MK0034,Mat04MK0096,
Mat04MK0035,Mat04MK0057,
Mat04MK0036,Mat04MK0099,
Mat04MK0037,Mat04MK0101,
Mat04MK0038,Mat04MK0103,
Mat04MK0039,Mat04MK0106,
Mat04MK0040,Mat04MK0108,
Mat04MK0041,Mat04MK0110,
Mat04MK0042,Mat04MK0114,
Mat04MK0043,Mat04MK0116,
Mat04MK0044,Mat04MK0120,
Mat04MK0045,Mat04MK0124,
Mat04MK0046,Mat04MK0128,
Mat03MK0041,Mat03MK0095,
Mat03MK0042,Mat03MK0100,
Mat03MK0043,Mat03MK0102,
Mat03MK0044,Mat03MK0103,
Mat03MK0045,Mat03MK0104,
Mat07MK0010,Mat07MK0010,
Mat07MK0011,Mat07MK0011,
Mat07MK0012,Mat07MK0012,
Mat07MK0013,Mat07MK0013,
Mat07MK0014,Mat07MK0016,
Mat01MK0057,Mat01MK0048,
Mat01MK0058,Mat01MK0050,
Mat01MK0059,Mat01MK0052,
Mat01MK0060,Mat01MK0054,
Mat01MK0061,Mat01MK0058,
Mat01MK0062,Mat01MK0062,
Mat01MK0063,Mat01MK0069,
Mat01MK0064,Mat01MK0073,
Mat01MK0065,Mat01MK0075,
Mat01MK0066,Mat01MK0076,
Mat01MK0067,Mat01MK0079,
Mat01MK0068,Mat01MK0083,
Mat01MK0069,Mat01MK0085,
Mat01MK0070,Mat01MK0090,
Mat01MK0071,Mat01MK0092,
Mat01MK0072,Mat01MK0095,
Mat01MK0073,Mat01MK0102,
Mat01MK0074,Mat01MK0099,
Mat01MK0075,Mat01MK0112,
Mat01MK0076,Mat01MK0115,
Mat01MK0077,Mat01MK0118,
Mat01MK0078,Mat01MK0121,
Mat01MK0079,Mat01MK0123,
Mat01MK0080,Mat01MK0124,
Mat01MK0081,Mat01MK0127,
Mat02MK0046,Mat02MK0049,
Mat02MK0047,Mat02MK0055,
Mat02MK0048,Mat02MK0057,
Mat02MK0049,Mat02MK0059,
Mat02MK0050,Mat02MK0061,
Mat02MK0051,Mat02MK0064,
Mat02MK0052,Mat02MK0066,
Mat02MK0053,Mat02MK0068,
Mat03MK0046,Mat03MK0056,
Mat03MK0047,Mat03MK0060,
Mat03MK0048,Mat03MK0066,
Mat03MK0049,Mat03MK0067,
Mat03MK0050,Mat03MK0069,
Mat03MK0051,Mat03MK0079,
Mat03MK0052,Mat03MK0080,
Mat03MK0053,Mat03MK0081,
Mat03MK0054,Mat03MK0082,
Mat03MK0055,Mat03MK0085,
Mat03MK0056,Mat03MK0087,
Mat03MK0057,Mat03MK0089,
Mat03MK0058,Mat03MK0091,
Mat03MK0059,Mat03MK0093,
Mat04MK0047,Mat04MK0026,
Mat04MK0048,Mat04MK0027,
Mat04MK0049,Mat04MK0030,
Mat04MK0050,Mat04MK0033,
Mat04MK0051,Mat04MK0037,
Mat04MK0052,Mat04MK0039,
Mat04MK0053,Mat04MK0042,
Mat04MK0054,Mat04MK0045,
Mat04MK0055,Mat04MK0048,
Mat04MK0056,Mat04MK0055,
Mat04MK0057,Mat04MK0056,
Mat04MK0058,Mat04MK0059,
Mat04MK0059,Mat04MK0061,
Mat04MK0060,Mat04MK0062,
Mat04MK0061,Mat04MK0063,
Mat04MK0062,Mat04MK0064,
Mat04MK0063,Mat04MK0065,
Mat06MK0019,Mat06MK0030,
Mat06MK0020,Mat06MK0028,
Mat07MK0015,Mat07MK0006,
Mat07MK0016,Mat07MK0008,
Mat07MK0017,Mat07MK0009,
Mat01MK0082,Mat01MK0001,
Mat01MK0083,Mat01MK0004,
Mat01MK0084,Mat01MK0007,
Mat01MK0085,Mat01MK0013,
Mat01MK0086,Mat01MK0012,
Mat01MK0087,Mat01MK0019,
Mat01MK0088,Mat01MK0020,
Mat01MK0089,Mat01MK0021,
Mat01MK0090,Mat01MK0022,
Mat01MK0091,Mat01MK0026,
Mat01MK0092,Mat01MK0030,
Mat01MK0093,Mat01MK0035,
Mat01MK0094,Mat01MK0036,
Mat01MK0095,Mat01MK0042,
Mat01MK0096,Mat01MK0043,
Mat02MK0054,Mat02MK0001,
Mat02MK0055,Mat02MK0015,
Mat02MK0056,Mat02MK0022,
Mat01MK0097,Mat01MK0044,
Mat02MK0057,Mat02MK0031,
Mat02MK0058,Mat02MK0032,
Mat02MK0059,Mat02MK0036,
Mat02MK0060,Mat02MK0038,
Mat02MK0061,Mat02MK0040,
Mat02MK0062,Mat02MK0046,
Mat02MK0063,Mat02MK0048,
Mat03MK0060,Mat03MK0001,
Mat03MK0061,Mat03MK0004,
Mat03MK0062,Mat03MK0012,
Mat03MK0063,Mat03MK0016,
Mat03MK0064,Mat03MK0019,
Mat03MK0065,Mat03MK0021,
Mat03MK0066,Mat03MK0028,
Mat03MK0067,Mat03MK0031,
Mat03MK0068,Mat03MK0034,
Mat03MK0069,Mat03MK0038,
Mat03MK0070,Mat03MK0039,
Mat03MK0071,Mat03MK0043,
Mat03MK0072,Mat03MK0050,
Mat03MK0073,Mat03MK0051,
Mat03MK0074,Mat03MK0052,
Mat03MK0075,Mat03MK0055,
Mat04MK0064,Mat04MK0004,
Mat04MK0065,Mat04MK0005,
Mat04MK0066,Mat04MK0008,
Mat04MK0067,Mat04MK0009,
Mat04MK0068,Mat04MK0012,
Mat04MK0069,Mat04MK0015,
Mat04MK0070,Mat04MK0017,
Mat04MK0071,Mat04MK0019,
Mat04MK0072,Mat04MK0021,
Mat04MK0073,Mat04MK0023,
Mat06MK0021,Mat06MK0012,
Mat07MK0018,Mat07MK0001,
Mat07MK0019,Mat07MK0002,
Mat07MK0020,Mat07MK0005,
Mat01MK0098,Mat01MK0233,
Mat01MK0099,Mat01MK0235,
Mat01MK0100,Mat01MK0243,
Mat01MK0101,Mat01MK0248,
Mat01MK0102,Mat01MK0250,
Mat01MK0103,Mat01MK0258,
Mat01MK0104,Mat01MK0280,
Mat01MK0105,Mat01MK0284,
Mat01MK0106,Mat01MK0289,
Mat01MK0107,Mat01MK0292,
Mat01MK0108,Mat01MK0299,
Mat02MK0064,Mat02MK0149,
Mat02MK0065,Mat02MK0155,
Mat02MK0066,Mat02MK0159,
Mat02MK0067,Mat02MK0162,
Mat02MK0068,Mat02MK0165,
Mat02MK0069,Mat02MK0168,
Mat02MK0070,Mat02MK0169,
Mat02MK0071,Mat02MK0172,
Mat02MK0072,Mat02MK0176,
Mat02MK0073,Mat02MK0174,
Mat02MK0074,Mat02MK0183,
Mat02MK0075,Mat02MK0185,
Mat02MK0076,Mat02MK0187,
Mat03MK0076,Mat03MK0159,
Mat03MK0077,Mat03MK0165,
Mat05MK0030,Mat05MK0045,
Mat05MK0031,Mat05MK0048,
Mat05MK0032,Mat05MK0054,
Mat05MK0033,Mat05MK0055,
Mat08MK0001,Mat08MK0001,
Mat08MK0002,Mat08MK0003,
Mat08MK0003,Mat08MK0005,
Mat08MK0004,Mat08MK0006,
Mat08MK0005,Mat08MK0007,
Mat08MK0006,Mat08MK0008,
Mat08MK0007,Mat08MK0010,
Mat08MK0008,Mat08MK0011,
Mat08MK0009,Mat08MK0015,
Mat08MK0010,Mat08MK0017,
Mat08MK0011,Mat08MK0019,
Mat08MK0012,Mat08MK0021,
Mat09MK0001,Mat09MK0001,
Mat09MK0002,Mat09MK0002,
Mat09MK0003,Mat09MK0003,
Mat09MK0004,Mat09MK0004,
Mat09MK0005,Mat09MK0005,
Mat09MK0006,Mat09MK0015,
Mat09MK0007,Mat09MK0017,
Mat09MK0008,Mat09MK0018,
Mat06MK0022,Mat06MK0046,
Mat06MK0023,Mat06MK0047,
Mat06MK0024,Mat06MK0050,
Mat07MK0021,Mat07MK0031,
Mat07MK0022,Mat07MK0034,
Mat03MK0078,Mat03MK0166,
Mat03MK0079,Mat03MK0170,
Mat03MK0080,Mat03MK0172,
Mat03MK0081,Mat03MK0175,
Mat03MK0082,Mat03MK0177,
Mat03MK0083,Mat03MK0181,
Mat03MK0084,Mat03MK0186,
Mat03MK0085,Mat03MK0193,
Mat03MK0086,Mat03MK0201,
Mat03MK0087,Mat03MK0203,
Mat03MK0088,Mat03MK0205,
Mat03MK0089,Mat03MK0209,
Mat03MK0090,Mat03MK0211,
Mat03MK0091,Mat03MK0213,
Mat06MK0025,Mat06MK0053,
Mat06MK0026,Mat06MK0057,
Mat01MK0109,Mat01MK0305,
Mat01MK0110,Mat01MK0306,
Mat01MK0111,Mat01MK0309,
Mat01MK0112,Mat01MK0307,
Mat01MK0113,Mat01MK0310,
Mat01MK0114,Mat01MK0312,
Mat01MK0115,Mat01MK0318,
Mat01MK0116,Mat01MK0320,
Mat01MK0117,Mat01MK0314,
Mat01MK0118,Mat01MK0322,
Mat01MK0119,Mat01MK0325,
Mat01MK0120,Mat01MK0328,
Mat01MK0121,Mat01MK0334,
Mat01MK0122,Mat01MK0331,
Mat02MK0077,Mat02MK0193,
Mat02MK0078,Mat02MK0200,
Mat02MK0079,Mat02MK0202,
Mat02MK0080,Mat02MK0203,
Mat02MK0081,Mat02MK0212,
Mat02MK0082,Mat02MK0219,
Mat02MK0083,Mat02MK0222,
Mat02MK0084,Mat02MK0225,
Mat02MK0085,Mat02MK0228,
Mat02MK0086,Mat02MK0237,
Mat02MK0087,Mat02MK0242,
Mat02MK0088,Mat02MK0245,
Mat02MK0089,Mat02MK0248,
Mat02MK0090,Mat02MK0251,
Mat02MK0091,Mat02MK0260,
Mat02MK0092,Mat02MK0267,
Mat02MK0093,Mat02MK0270,
Mat02MK0094,Mat02MK0273,
Mat02MK0095,Mat02MK0276,
Mat02MK0096,Mat02MK0277,
Mat02MK0097,Mat02MK0279,
Mat02MK0098,Mat02MK0282,
Mat02MK0099,Mat02MK0280,
Mat02MK0100,Mat02MK0287,
Mat02MK0101,Mat02MK0289,
Mat02MK0102,Mat02MK0291,
Mat09MK0009,Mat09MK0023,
Mat09MK0010,Mat09MK0019,
Mat09MK0011,Mat09MK0025,
Mat09MK0012,Mat09MK0026,
Mat09MK0013,Mat09MK0027,
Mat09MK0014,Mat09MK0028,
Mat10MK0001,Mat10MK0001,
Mat10MK0002,Mat10MK0003,
Mat10MK0003,Mat10MK0008,
Mat10MK0004,Mat10MK0005,
Mat10MK0005,Mat10MK0010,
Mat10MK0006,Mat10MK0012,
Mat07MK0023,Mat07MK0036,
Mat07MK0024,Mat07MK0037,
Mat07MK0025,Mat07MK0040,
Mat07MK0026,Mat07MK0039,
Mat07MK0027,Mat07MK0042,
Mat07MK0028,Mat07MK0043,
Mat06MK0027,Mat06MK0058,
Mat06MK0028,Mat06MK0060,
Mat03MK0092,Mat03MK0215,
Mat03MK0093,Mat03MK0220,
Mat03MK0094,Mat03MK0225,
Mat03MK0095,Mat03MK0238,
Mat03MK0096,Mat03MK0243,
Mat03MK0097,Mat03MK0244,
Mat03MK0098,Mat03MK0245,
Mat03MK0099,Mat03MK0250,
Mat03MK0100,Mat03MK0261,
Mat03MK0101,Mat03MK0255,
Mat03MK0102,Mat03MK0266,
Mat03MK0103,Mat03MK0270,
Mat03MK0104,Mat03MK0274,
Mat03MK0105,Mat03MK0278,
Mat02MK0103,Mat02MK0293,
Mat02MK0104,Mat02MK0299,
Mat02MK0105,Mat02MK0308,
Mat02MK0106,Mat02MK0313,
Mat02MK0107,Mat02MK0316,
Mat02MK0108,Mat02MK0319,
Mat02MK0109,Mat02MK0323,
Mat02MK0110,Mat02MK0322,
Mat02MK0111,Mat02MK0324,
Mat02MK0112,Mat02MK0326,
Mat02MK0113,Mat02MK0327,
Mat02MK0114,Mat02MK0328,
Mat02MK0115,Mat02MK0337,
Mat02MK0116,Mat02MK0341,
Mat02MK0117,Mat02MK0344,
Mat02MK0118,Mat02MK0351,
Mat02MK0119,Mat02MK0352,
Mat02MK0120,Mat02MK0353,
Mat02MK0121,Mat02MK0362,
Mat02MK0122,Mat02MK0372,
Mat02MK0123,Mat02MK0375,
Mat02MK0124,Mat02MK0378,
Mat02MK0125,Mat02MK0366,
Mat02MK0126,Mat02MK0385,
Mat02MK0127,Mat02MK0381,
Mat02MK0128,Mat02MK0389,
Mat02MK0129,Mat02MK0393,
Mat02MK0130,Mat02MK0397,
Mat02MK0131,Mat02MK0401,
Mat02MK0132,Mat02MK0406,
Mat02MK0133,Mat02MK0407,
Mat02MK0134,Mat02MK0409,
Mat02MK0135,Mat02MK0415,
Mat02MK0136,Mat02MK0416,
Mat02MK0137,Mat02MK0420,
Mat02MK0138,Mat02MK0425,
Mat02MK0139,Mat02MK0424,
Mat02MK0140,Mat02MK0429,
Mat02MK0141,Mat02MK0431,
Mat02MK0142,Mat02MK0436,
Mat02MK0143,Mat02MK0447,
Mat02MK0144,Mat02MK0453,
Mat02MK0145,Mat02MK0457,
Mat02MK0146,Mat02MK0461,
Mat02MK0147,Mat02MK0465,
Mat02MK0148,Mat02MK0469,
Mat02MK0149,Mat02MK0473,
Mat03MK0106,Mat03MK0282,
Mat03MK0107,Mat03MK0287,
Mat03MK0108,Mat03MK0289,
Mat03MK0109,Mat03MK0294,
Mat03MK0110,Mat03MK0305,
Mat03MK0111,Mat03MK0304,
Mat03MK0112,Mat03MK0312,
Mat03MK0113,Mat03MK0318,
Mat03MK0114,Mat03MK0322,
Mat03MK0115,Mat03MK0326,
Mat04MK0074,Mat04MK0157,
Mat04MK0075,Mat04MK0159,
Mat04MK0076,Mat04MK0161,
Mat04MK0077,Mat04MK0162,
Mat04MK0078,Mat04MK0176,
Mat04MK0079,Mat04MK0178,
Mat04MK0080,Mat04MK0180,
Mat04MK0081,Mat04MK0182,
Mat11MK0001,Mat11MK0001,
Mat11MK0002,Mat11MK0003,
Mat11MK0003,Mat11MK0008,
Mat11MK0004,Mat11MK0011,
Mat11MK0005,Mat11MK0015,
Mat11MK0006,Mat11MK0019,
Mat11MK0007,Mat11MK0024,
Mat11MK0008,Mat11MK0028,
Mat11MK0009,Mat11MK0029,
Mat11MK0010,Mat11MK0030,
Mat11MK0011,Mat11MK0033,
Mat11MK0012,Mat11MK0034,
Mat11MK0013,Mat11MK0040,
Mat11MK0014,Mat11MK0044,
Mat11MK0015,Mat11MK0048,
Mat11MK0016,Mat11MK0057,
Mat11MK0017,Mat11MK0060,
Mat11MK0018,Mat11MK0063,
Mat11MK0019,Mat11MK0066,
Mat11MK0020,Mat11MK0071,
Mat11MK0021,Mat11MK0076,
Mat11MK0022,Mat11MK0086,
Mat11MK0023,Mat11MK0081,
Mat11MK0024,Mat11MK0091,
Mat11MK0025,Mat11MK0093,
Mat11MK0026,Mat11MK0095,
Mat11MK0027,Mat11MK0099,
Mat11MK0028,Mat11MK0100,
Mat11MK0029,Mat11MK0102,
Mat11MK0030,Mat11MK0104,
Mat11MK0031,Mat11MK0106,
Mat06MK0029,Mat06MK0064,
Mat01MK0123,Mat01MK0002,
Mat01MK0124,Mat01MK0010,
Mat01MK0125,Mat01MK0005,
Mat01MK0126,Mat01MK0009,
Mat01MK0127,Mat01MK0015,
Mat01MK0128,Mat01MK0018,
Mat01MK0129,Mat01MK0016,
Mat01MK0130,Mat01MK0032,
Mat01MK0131,Mat01MK0033,
Mat01MK0132,Mat01MK0028,
Mat01MK0133,Mat01MK0039,
Mat01MK0134,Mat01MK0040,
Mat01MK0135,Mat01MK0041,
Mat01MK0136,Mat01MK0037,
Mat02MK0150,Mat02MK0008,
Mat02MK0151,Mat02MK0009,
Mat02MK0152,Mat02MK0011,
Mat02MK0153,Mat02MK0013,
Mat02MK0154,Mat02MK0028,
Mat02MK0155,Mat02MK0029,
Mat02MK0156,Mat02MK0030,
Mat02MK0157,Mat02MK0033,
Mat02MK0158,Mat02MK0034,
Mat02MK0159,Mat02MK0042,
Mat02MK0160,Mat02MK0047,
Mat03MK0116,Mat03MK0009,
Mat03MK0117,Mat03MK0008,
Mat03MK0118,Mat03MK0011,
Mat03MK0119,Mat03MK0015,
Mat03MK0120,Mat03MK0022,
Mat03MK0121,Mat03MK0023,
Mat03MK0122,Mat03MK0024,
Mat03MK0123,Mat03MK0036,
Mat03MK0124,Mat03MK0040,
Mat03MK0125,Mat03MK0041,
Mat03MK0126,Mat03MK0044,
Mat03MK0127,Mat03MK0046,
Mat03MK0128,Mat03MK0048,
Mat04MK0082,Mat04MK0001,
Mat04MK0083,Mat04MK0003,
Mat04MK0084,Mat04MK0006,
Mat04MK0085,Mat04MK0010,
Mat04MK0086,Mat04MK0014,
Mat06MK0030,Mat06MK0014,
Mat06MK0031,Mat06MK0015,
Mat06MK0032,Mat06MK0016,
Mat07MK0029,Mat07MK0004,
Mat01MK0137,Mat01MK0046,
Mat01MK0138,Mat01MK0047,
Mat01MK0139,Mat01MK0065,
Mat01MK0140,Mat01MK0067,
Mat01MK0141,Mat01MK0068,
Mat01MK0142,Mat01MK0074,
Mat01MK0143,Mat01MK0078,
Mat01MK0144,Mat01MK0080,
Mat01MK0145,Mat01MK0081,
Mat01MK0146,Mat01MK0087,
Mat01MK0147,Mat01MK0091,
Mat01MK0148,Mat01MK0097,
Mat01MK0149,Mat01MK0106,
Mat01MK0150,Mat01MK0104,
Mat01MK0151,Mat01MK0108,
Mat01MK0152,Mat01MK0110,
Mat01MK0153,Mat01MK0126,
Mat02MK0161,Mat02MK0051,
Mat02MK0162,Mat02MK0052,
Mat02MK0163,Mat02MK0065,
Mat02MK0164,Mat02MK0067,
Mat03MK0129,Mat03MK0061,
Mat03MK0130,Mat03MK0065,
Mat03MK0131,Mat03MK0072,
Mat03MK0132,Mat03MK0073,
Mat03MK0133,Mat03MK0074,
Mat03MK0134,Mat03MK0086,
Mat04MK0087,Mat04MK0025,
Mat04MK0088,Mat04MK0029,
Mat04MK0090,Mat04MK0031,
Mat04MK0089,Mat04MK0034,
Mat04MK0091,Mat04MK0035,
Mat04MK0092,Mat04MK0051,
Mat04MK0093,Mat04MK0060,
Mat04MK0094,Mat04MK0066,
Mat06MK0033,Mat06MK0029,
Mat06MK0034,Mat06MK0031,
Mat06MK0035,Mat06MK0033,
Mat07MK0030,Mat07MK0007,
Mat01MK0154,Mat01MK0129,
Mat01MK0155,Mat01MK0131,
Mat01MK0156,Mat01MK0132,
Mat01MK0157,Mat01MK0134,
Mat01MK0158,Mat01MK0147,
Mat01MK0159,Mat01MK0149,
Mat01MK0160,Mat01MK0156,
Mat01MK0161,Mat01MK0167,
Mat01MK0162,Mat01MK0168,
Mat02MK0166,Mat02MK0069,
Mat02MK0165,Mat02MK0072,
Mat02MK0167,Mat02MK0079,
Mat02MK0168,Mat02MK0076,
Mat02MK0169,Mat02MK0094,
Mat05MK0034,Mat05MK0013,
Mat04MK0095,Mat04MK0079,
Mat04MK0096,Mat04MK0081,
Mat04MK0097,Mat04MK0105,
Mat04MK0098,Mat04MK0111,
Mat04MK0099,Mat04MK0112,
Mat03MK0135,Mat03MK0098,
Mat03MK0136,Mat03MK0099,
Mat07MK0031,Mat07MK0014,
Mat07MK0032,Mat07MK0015,
Mat01MK0163,Mat01MK0237,
Mat01MK0164,Mat01MK0239,
Mat01MK0165,Mat01MK0245,
Mat01MK0166,Mat01MK0246,
Mat01MK0167,Mat01MK0263,
Mat01MK0168,Mat01MK0267,
Mat01MK0169,Mat01MK0270,
Mat01MK0170,Mat01MK0274,
Mat01MK0171,Mat01MK0283,
Mat01MK0172,Mat01MK0287,
Mat01MK0173,Mat01MK0295,
Mat01MK0174,Mat01MK0301,
Mat02MK0170,Mat02MK0151,
Mat02MK0171,Mat02MK0153,
Mat02MK0172,Mat02MK0154,
Mat02MK0173,Mat02MK0157,
Mat02MK0174,Mat02MK0173,
Mat02MK0175,Mat02MK0180,
Mat02MK0176,Mat02MK0181,
Mat03MK0137,Mat03MK0160,
Mat03MK0138,Mat03MK0161,
Mat03MK0139,Mat03MK0162,
Mat03MK0140,Mat03MK0163,
Mat05MK0035,Mat05MK0051,
Mat08MK0013,Mat08MK0013,
Mat08MK0014,Mat03MK0143,2026-10-02 8. sınıftaki Mat03MK0143 ile birleştirildi
Mat09MK0015,Mat09MK0009,
Mat09MK0016,Mat09MK0011,
Mat06MK0036,Mat06MK0049,
Mat07MK0033,Mat07MK0035,
Mat03MK0141,Mat03MK0180,
Mat03MK0142,Mat03MK0174,
Mat03MK0143,Mat03MK0198,
Mat03MK0144,Mat03MK0200,
Mat03MK0145,Mat03MK0191,
Mat03MK0146,Mat03MK0207,
Mat03MK0147,Mat03MK0208,
Mat03MK0148,Mat03MK0212,
Mat06MK0037,Mat06MK0056,
Mat01MK0175,Mat01MK0308,
Mat01MK0176,Mat01MK0316,
Mat01MK0177,Mat01MK0317,
Mat01MK0178,Mat01MK0333,
Mat02MK0177,Mat02MK0189,
Mat02MK0178,Mat02MK0196,
Mat02MK0179,Mat02MK0197,
Mat02MK0180,Mat02MK0205,
Mat02MK0181,Mat02MK0209,
Mat02MK0182,Mat02MK0214,
Mat02MK0183,Mat02MK0216,
Mat02MK0184,Mat02MK0218,
Mat02MK0185,Mat02MK0230,
Mat02MK0186,Mat02MK0234,
Mat02MK0187,Mat02MK0239,
Mat02MK0188,Mat02MK0241,
Mat02MK0189,Mat02MK0253,
Mat02MK0190,Mat02MK0257,
Mat02MK0191,Mat02MK0262,
Mat02MK0192,Mat02MK0264,
Mat02MK0193,Mat02MK0266,
Mat02MK0194,Mat02MK0283,
Mat02MK0195,Mat02MK0284,
Mat02MK0196,Mat02MK0286,
Mat09MK0017,Mat09MK0024,
Mat09MK0018,Mat09MK0020,
Mat09MK0019,Mat09MK0022,
Mat10MK0007,Mat10MK0006,
Mat10MK0008,Mat10MK0007,
Mat10MK0009,Mat10MK0014,
Mat07MK0034,Mat07MK0038,
Mat07MK0035,Mat07MK0041,
Mat06MK0038,Mat06MK0059,
Mat06MK0039,Mat06MK0062,
Mat03MK0149,Mat03MK0230,
Mat03MK0150,Mat03MK0231,
Mat03MK0151,Mat03MK0234,
Mat03MK0152,Mat03MK0236,
Mat03MK0153,Mat03MK0257,
Mat03MK0154,Mat03MK0258,
Mat02MK0197,Mat02MK0295,
Mat02MK0198,Mat02MK0297,
Mat02MK0199,Mat02MK0301,
Mat02MK0200,Mat02MK0305,
Mat02MK0201,Mat02MK0310,
Mat02MK0202,Mat02MK0312,
Mat02MK0203,Mat02MK0325,
Mat02MK0204,Mat02MK0330,
Mat02MK0205,Mat02MK0334,
Mat02MK0206,Mat02MK0339,
Mat02MK0207,Mat02MK0347,
Mat02MK0208,Mat02MK0355,
Mat02MK0209,Mat02MK0359,
Mat02MK0210,Mat02MK0364,
Mat02MK0211,Mat02MK0368,
Mat02MK0212,Mat02MK0369,
Mat02MK0213,Mat02MK0387,
Mat02MK0214,Mat02MK0403,
Mat02MK0215,Mat02MK0405,
Mat02MK0216,Mat02MK0414,
Mat02MK0217,Mat02MK0418,
Mat02MK0218,Mat02MK0421,
Mat02MK0219,Mat02MK0422,
Mat02MK0220,Mat02MK0432,
Mat02MK0221,Mat02MK0440,
Mat02MK0222,Mat02MK0443,
Mat02MK0223,Mat02MK0445,
Mat02MK0224,Mat02MK0451,
Mat02MK0225,Mat02MK0459,
Mat03MK0155,Mat03MK0299,
Mat03MK0156,Mat03MK0302,
Mat03MK0157,Mat03MK0300,
Mat03MK0158,Mat03MK0310,
Mat03MK0159,Mat03MK0316,
Mat04MK0100,Mat04MK0166,
Mat04MK0101,Mat04MK0168,
Mat04MK0102,Mat04MK0170,
Mat04MK0103,Mat04MK0174,
Mat04MK0104,Mat04MK0160,
Mat11MK0032,Mat11MK0006,
Mat11MK0033,Mat11MK0023,
Mat11MK0034,Mat11MK0026,
Mat11MK0035,Mat11MK0032,
Mat11MK0036,Mat11MK0052,
Mat11MK0037,Mat11MK0038,
Mat11MK0038,Mat11MK0056,
Mat11MK0039,Mat11MK0083,
Mat11MK0040,Mat11MK0085,
Mat11MK0041,Mat11MK0084,
Mat11MK0042,Mat11MK0097,
Mat11MK0043,Mat11MK0098,
Mat06MK0040,Mat06MK0066,
Mat06MK0041,Mat06MK0067,
Mat01MK0179,Mat01MK0176,
Mat01MK0180,Mat01MK0178,
Mat01MK0181,Mat01MK0181,
Mat01MK0182,Mat01MK0184,
Mat01MK0183,Mat01MK0185,
Mat01MK0184,Mat01MK0205,
Mat01MK0185,Mat01MK0206,
Mat01MK0186,Mat01MK0208,
Mat01MK0187,Mat01MK0211,
Mat01MK0188,Mat01MK0219,
Mat01MK0189,Mat01MK0094,
Mat01MK0190,Mat01MK0227,
Mat01MK0191,Mat01MK0229,
Mat01MK0192,Mat01MK0230,
Mat01MK0193,Mat01MK0232,
Mat01MK0194,Mat01MK0146,
Mat01MK0195,Mat01MK0155,
Mat01MK0196,Mat01MK0158,
Mat01MK0197,Mat01MK0160,
Mat01MK0198,Mat01MK0165,
Mat01MK0199,Mat01MK0166,
Mat01MK0200,Mat01MK0049,
Mat01MK0201,Mat01MK0055,
Mat01MK0202,Mat01MK0056,
Mat01MK0203,Mat01MK0057,
Mat01MK0204,Mat01MK0063,
Mat01MK0205,Mat01MK0064,
Mat01MK0206,Mat01MK0077,
Mat01MK0207,Mat01MK0084,
Mat01MK0208,Mat01MK0086,
Mat01MK0209,Mat01MK0096,
Mat01MK0210,Mat01MK0103,
Mat01MK0211,Mat01MK0122,
Mat01MK0212,Mat01MK0125,
Mat01MK0213,Mat01MK0008,
Mat01MK0214,Mat01MK0014,
Mat01MK0215,Mat01MK0023,
Mat01MK0216,Mat01MK0024,
Mat01MK0217,Mat01MK0025,
Mat01MK0218,Mat01MK0027,
Mat01MK0219,Mat01MK0031,
Mat01MK0220,Mat01MK0045,
Mat01MK0221,Mat01MK0244,
Mat01MK0222,Mat01MK0251,
Mat01MK0223,Mat01MK0252,
Mat01MK0224,Mat01MK0253,
Mat01MK0225,Mat01MK0254,
Mat01MK0226,Mat01MK0255,
Mat01MK0227,Mat01MK0256,
Mat01MK0228,Mat01MK0257,
Mat01MK0229,Mat01MK0259,
Mat01MK0230,Mat01MK0260,
Mat01MK0231,Mat01MK0261,
Mat01MK0232,Mat01MK0262,
Mat01MK0233,Mat01MK0281,
Mat01MK0234,Mat01MK0282,
Mat01MK0235,Mat01MK0293,
Mat01MK0236,Mat01MK0294,
Mat01MK0237,Mat01MK0300,
Mat01MK0238,Mat01MK0311,
Mat01MK0239,Mat01MK0315,
Mat01MK0240,Mat01MK0323,
Mat01MK0241,Mat01MK0324,
Mat01MK0242,Mat01MK0332,
Mat01MK0243,Mat01MK0003,
Mat01MK0244,Mat01MK0011,
Mat01MK0245,Mat01MK0006,
Mat01MK0246,Mat01MK0017,
Mat01MK0247,Mat01MK0034,
Mat01MK0248,Mat01MK0029,
Mat01MK0249,Mat01MK0038,
Mat01MK0250,Mat01MK0066,
Mat01MK0251,Mat01MK0082,
Mat01MK0252,Mat01MK0088,
Mat01MK0253,Mat01MK0089,
Mat01MK0254,Mat01MK0098,
Mat01MK0255,Mat01MK0107,
Mat01MK0256,Mat01MK0105,
Mat01MK0257,Mat01MK0109,
Mat01MK0258,Mat01MK0111,
Mat01MK0259,Mat01MK0130,
Mat01MK0260,Mat01MK0133,
Mat01MK0261,Mat01MK0135,
Mat01MK0262,Mat01MK0148,
Mat01MK0263,Mat01MK0169,
Mat01MK0264,Mat01MK0238,
Mat01MK0265,Mat01MK0240,
Mat01MK0266,Mat01MK0241,
Mat01MK0267,Mat01MK0242,
Mat01MK0268,Mat01MK0247,
Mat01MK0269,Mat01MK0264,
Mat01MK0270,Mat01MK0265,
Mat01MK0271,Mat01MK0266,
Mat01MK0272,Mat01MK0268,
Mat01MK0273,Mat01MK0269,
Mat01MK0274,Mat01MK0271,
Mat01MK0275,Mat01MK0272,
Mat01MK0276,Mat01MK0273,
Mat01MK0277,Mat01MK0275,
Mat01MK0278,Mat01MK0276,
Mat01MK0279,Mat01MK0277,
Mat01MK0280,Mat01MK0278,
Mat01MK0281,Mat01MK0279,
Mat01MK0282,Mat01MK0288,
Mat01MK0283,Mat01MK0296,
Mat01MK0284,Mat01MK0297,
Mat01MK0285,Mat01MK0298,
Mat01MK0286,Mat01MK0302,
Mat01MK0287,Mat01MK0303,
Mat01MK0288,Mat01MK0304,
Mat02MK0226,Mat02MK0097,
Mat02MK0227,Mat02MK0098,
Mat02MK0228,Mat02MK0099,
Mat02MK0229,Mat02MK0102,
Mat02MK0230,Mat02MK0104,
Mat02MK0231,Mat02MK0107,
Mat02MK0232,Mat02MK0108,
Mat02MK0233,Mat02MK0109,
Mat02MK0234,Mat02MK0114,
Mat02MK0235,Mat02MK0116,
Mat02MK0236,Mat02MK0118,
Mat02MK0237,Mat02MK0120,
Mat02MK0238,Mat02MK0124,
Mat02MK0239,Mat02MK0127,
Mat02MK0240,Mat02MK0128,
Mat02MK0241,Mat02MK0139,
Mat02MK0242,Mat02MK0140,
Mat02MK0243,Mat02MK0141,
Mat02MK0244,Mat02MK0145,
Mat02MK0245,Mat02MK0071,
Mat02MK0246,Mat02MK0056,
Mat02MK0247,Mat02MK0060,
Mat02MK0248,Mat02MK0062,
Mat02MK0249,Mat02MK0063,
Mat02MK0250,Mat02MK0002,
Mat02MK0251,Mat02MK0037,
Mat02MK0252,Mat02MK0150,
Mat02MK0253,Mat02MK0156,
Mat02MK0254,Mat02MK0160,
Mat02MK0255,Mat02MK0161,
Mat02MK0256,Mat02MK0170,
Mat02MK0257,Mat02MK0171,
Mat02MK0258,Mat02MK0177,
Mat02MK0259,Mat02MK0178,
Mat02MK0260,Mat02MK0179,
Mat02MK0261,Mat02MK0194,
Mat02MK0262,Mat02MK0195,
Mat02MK0263,Mat02MK0201,
Mat02MK0264,Mat02MK0204,
Mat02MK0265,Mat02MK0213,
Mat02MK0266,Mat02MK0220,
Mat02MK0267,Mat02MK0221,
Mat02MK0268,Mat02MK0229,
Mat02MK0269,Mat02MK0238,
Mat02MK0270,Mat02MK0243,
Mat02MK0271,Mat02MK0244,
Mat02MK0272,Mat02MK0252,
Mat02MK0273,Mat02MK0261,
Mat02MK0274,Mat02MK0268,
Mat02MK0275,Mat02MK0269,
Mat02MK0276,Mat02MK0278,
Mat02MK0277,Mat02MK0294,
Mat02MK0278,Mat02MK0300,
Mat02MK0279,Mat02MK0309,
Mat02MK0280,Mat02MK0314,
Mat02MK0281,Mat02MK0315,
Mat02MK0282,Mat02MK0329,
Mat02MK0283,Mat02MK0338,
Mat02MK0284,Mat02MK0342,
Mat02MK0285,Mat02MK0343,
Mat02MK0286,Mat02MK0354,
Mat02MK0287,Mat02MK0363,
Mat02MK0288,Mat02MK0373,
Mat02MK0289,Mat02MK0374,
Mat02MK0290,Mat02MK0367,
Mat02MK0291,Mat02MK0386,
Mat02MK0292,Mat02MK0402,
Mat02MK0293,Mat02MK0408,
Mat02MK0294,Mat02MK0410,
Mat02MK0295,Mat02MK0411,
Mat02MK0296,Mat02MK0412,
Mat02MK0297,Mat02MK0413,
Mat02MK0298,Mat02MK0417,
Mat02MK0299,Mat02MK0426,
Mat02MK0300,Mat02MK0427,
Mat02MK0301,Mat02MK0428,
Mat02MK0302,Mat02MK0430,
Mat02MK0303,Mat02MK0437,
Mat02MK0304,Mat02MK0438,
Mat02MK0305,Mat02MK0439,
Mat02MK0306,Mat02MK0458,
Mat02MK0307,Mat02MK0010,
Mat02MK0308,Mat02MK0012,
Mat02MK0309,Mat02MK0014,
Mat02MK0310,Mat02MK0035,
Mat02MK0311,Mat02MK0043,
Mat02MK0312,Mat02MK0044,
Mat02MK0313,Mat02MK0045,
Mat02MK0314,Mat02MK0053,
Mat02MK0315,Mat02MK0054,
Mat02MK0316,Mat02MK0080,
Mat02MK0317,Mat02MK0077,
Mat02MK0318,Mat02MK0095,
Mat02MK0319,Mat02MK0152,
Mat02MK0320,Mat02MK0158,
Mat02MK0321,Mat02MK0182,
Mat02MK0322,Mat02MK0190,
Mat02MK0323,Mat02MK0191,
Mat02MK0324,Mat02MK0192,
Mat02MK0325,Mat02MK0198,
Mat02MK0326,Mat02MK0199,
Mat02MK0327,Mat02MK0206,
Mat02MK0328,Mat02MK0207,
Mat02MK0329,Mat02MK0208,
Mat02MK0330,Mat02MK0210,
Mat02MK0331,Mat02MK0211,
Mat02MK0332,Mat02MK0215,
Mat02MK0333,Mat02MK0217,
Mat02MK0334,Mat02MK0231,
Mat02MK0335,Mat02MK0232,
Mat02MK0336,Mat02MK0233,
Mat02MK0337,Mat02MK0235,
Mat02MK0338,Mat02MK0236,
Mat02MK0339,Mat02MK0240,
Mat02MK0340,Mat02MK0254,
Mat02MK0341,Mat02MK0255,
Mat02MK0342,Mat02MK0256,
Mat02MK0343,Mat02MK0258,
Mat02MK0344,Mat02MK0259,
Mat02MK0345,Mat02MK0263,
Mat02MK0346,Mat02MK0265,
Mat02MK0347,Mat02MK0285,
Mat02MK0348,Mat02MK0296,
Mat02MK0349,Mat02MK0298,
Mat02MK0350,Mat02MK0302,
Mat02MK0351,Mat02MK0303,
Mat02MK0352,Mat02MK0304,
Mat02MK0353,Mat02MK0306,
Mat02MK0354,Mat02MK0307,
Mat02MK0355,Mat02MK0311,
Mat02MK0356,Mat02MK0331,
Mat02MK0357,Mat02MK0332,
Mat02MK0358,Mat02MK0333,
Mat02MK0359,Mat02MK0335,
Mat02MK0360,Mat02MK0336,
Mat02MK0361,Mat02MK0340,
Mat02MK0362,Mat02MK0348,
Mat02MK0363,Mat02MK0349,
Mat02MK0364,Mat02MK0350,
Mat02MK0365,Mat02MK0356,
Mat02MK0366,Mat02MK0357,
Mat02MK0367,Mat02MK0358,
Mat02MK0368,Mat02MK0360,
Mat02MK0369,Mat02MK0361,
Mat02MK0370,Mat02MK0365,
Mat02MK0371,Mat02MK0370,
Mat02MK0372,Mat02MK0371,
Mat02MK0373,Mat02MK0388,
Mat02MK0374,Mat02MK0404,
Mat02MK0375,Mat02MK0419,
Mat02MK0376,Mat02MK0423,
Mat02MK0377,Mat02MK0433,
Mat02MK0378,Mat02MK0434,
Mat02MK0379,Mat02MK0435,
Mat02MK0380,Mat02MK0441,
Mat02MK0381,Mat02MK0442,
Mat02MK0382,Mat02MK0444,
Mat02MK0383,Mat02MK0446,
Mat02MK0384,Mat02MK0452,
Mat02MK0385,Mat02MK0460,
Mat03MK0160,Mat03MK0106,
Mat03MK0161,Mat03MK0109,
Mat03MK0162,Mat03MK0112,
Mat03MK0163,Mat03MK0117,
Mat03MK0164,Mat03MK0124,
Mat03MK0165,Mat03MK0125,
Mat03MK0166,Mat03MK0132,
Mat03MK0167,Mat03MK0134,
Mat03MK0168,Mat03MK0135,
Mat03MK0169,Mat03MK0139,
Mat03MK0170,Mat03MK0145,
Mat03MK0171,Mat03MK0146,
Mat03MK0172,Mat03MK0096,
Mat03MK0173,Mat03MK0097,
Mat03MK0174,Mat03MK0101,
Mat03MK0175,Mat03MK0057,
Mat03MK0176,Mat03MK0058,
Mat03MK0177,Mat03MK0059,
Mat03MK0178,Mat03MK0070,
Mat03MK0179,Mat03MK0071,
Mat03MK0180,Mat03MK0083,
Mat03MK0181,Mat03MK0084,
Mat03MK0182,Mat03MK0002,
Mat03MK0183,Mat03MK0003,
Mat03MK0184,Mat03MK0005,
Mat03MK0185,Mat03MK0006,
Mat03MK0186,Mat03MK0007,
Mat03MK0187,Mat03MK0013,
Mat03MK0188,Mat03MK0014,
Mat03MK0189,Mat03MK0020,
Mat03MK0190,Mat03MK0029,
Mat03MK0191,Mat03MK0030,
Mat03MK0192,Mat03MK0035,
Mat03MK0193,Mat03MK0053,
Mat03MK0194,Mat03MK0054,
Mat03MK0195,Mat03MK0167,
Mat03MK0196,Mat03MK0168,
Mat03MK0197,Mat03MK0169,
Mat03MK0198,Mat03MK0171,
Mat03MK0199,Mat03MK0178,
Mat03MK0200,Mat03MK0179,
Mat03MK0201,Mat03MK0182,
Mat03MK0202,Mat03MK0183,
Mat03MK0203,Mat03MK0184,
Mat03MK0204,Mat03MK0185,
Mat03MK0205,Mat03MK0202,
Mat03MK0206,Mat03MK0210,
Mat03MK0207,Mat03MK0214,
Mat03MK0208,Mat03MK0216,
Mat03MK0209,Mat03MK0217,
Mat03MK0210,Mat03MK0218,
Mat03MK0211,Mat03MK0219,
Mat03MK0212,Mat03MK0246,
Mat03MK0213,Mat03MK0247,
Mat03MK0214,Mat03MK0248,
Mat03MK0215,Mat03MK0249,
Mat03MK0216,Mat03MK0256,
Mat03MK0217,Mat03MK0283,
Mat03MK0218,Mat03MK0284,
Mat03MK0219,Mat03MK0285,
Mat03MK0220,Mat03MK0286,
Mat03MK0221,Mat03MK0288,
Mat03MK0222,Mat03MK0290,
Mat03MK0223,Mat03MK0291,
Mat03MK0224,Mat03MK0292,
Mat03MK0225,Mat03MK0293,
Mat03MK0226,Mat03MK0010,
Mat03MK0227,Mat03MK0025,
Mat03MK0228,Mat03MK0026,
Mat03MK0229,Mat03MK0027,
Mat03MK0230,Mat03MK0037,
Mat03MK0231,Mat03MK0042,
Mat03MK0232,Mat03MK0045,
Mat03MK0233,Mat03MK0047,
Mat03MK0234,Mat03MK0049,
Mat03MK0235,Mat03MK0062,
Mat03MK0236,Mat03MK0063,
Mat03MK0237,Mat03MK0064,
Mat03MK0238,Mat03MK0075,
Mat03MK0239,Mat03MK0076,
Mat03MK0240,Mat03MK0077,
Mat03MK0241,Mat03MK0078,
Mat03MK0242,Mat03MK0164,
Mat03MK0243,Mat03MK0199,
Mat03MK0244,Mat03MK0192,
Mat03MK0245,Mat03MK0232,
Mat03MK0246,Mat03MK0233,
Mat03MK0247,Mat03MK0235,
Mat03MK0248,Mat03MK0237,
Mat03MK0249,Mat03MK0259,
Mat03MK0250,Mat03MK0260,
Mat03MK0251,Mat03MK0303,
Mat03MK0252,Mat03MK0301,
Mat03MK0253,Mat03MK0311,
Mat03MK0254,Mat03MK0317,
Mat04MK0105,Mat04MK0133,
Mat04MK0106,Mat04MK0134,
Mat04MK0107,Mat04MK0135,
Mat04MK0108,Mat04MK0137,
Mat04MK0109,Mat04MK0138,
Mat04MK0110,Mat04MK0139,
Mat04MK0111,Mat04MK0141,
Mat04MK0112,Mat04MK0143,
Mat04MK0113,Mat04MK0145,
Mat04MK0114,Mat04MK0156,
Mat04MK0115,Mat04MK0068,
Mat04MK0116,Mat04MK0069,
Mat04MK0117,Mat04MK0083,
Mat04MK0118,Mat04MK0084,
Mat04MK0119,Mat04MK0086,
Mat04MK0120,Mat04MK0088,
Mat04MK0121,Mat04MK0058,
Mat04MK0122,Mat04MK0100,
Mat04MK0123,Mat04MK0102,
Mat04MK0124,Mat04MK0104,
Mat04MK0125,Mat04MK0107,
Mat04MK0126,Mat04MK0109,
Mat04MK0127,Mat04MK0115,
Mat04MK0128,Mat04MK0028,
Mat04MK0129,Mat04MK0038,
Mat04MK0130,Mat04MK0013,
Mat04MK0131,Mat04MK0016,
Mat04MK0132,Mat04MK0158,
Mat04MK0133,Mat04MK0163,
Mat04MK0134,Mat04MK0164,
Mat04MK0135,Mat04MK0165,
Mat04MK0136,Mat04MK0002,
Mat04MK0137,Mat04MK0007,
Mat04MK0138,Mat04MK0011,
Mat04MK0139,Mat04MK0032,
Mat04MK0140,Mat04MK0036,
Mat04MK0141,Mat04MK0052,
Mat04MK0142,Mat04MK0053,
Mat04MK0143,Mat04MK0054,
Mat04MK0144,Mat04MK0080,
Mat04MK0145,Mat04MK0113,
Mat04MK0146,Mat04MK0167,
Mat04MK0147,Mat04MK0169,
Mat04MK0148,Mat04MK0171,
Mat04MK0149,Mat04MK0172,
Mat04MK0150,Mat04MK0173,
Mat04MK0151,Mat04MK0175,
Mat05MK0036,Mat05MK0018,
Mat05MK0037,Mat05MK0020,
Mat05MK0038,Mat05MK0021,
Mat05MK0039,Mat05MK0023,
Mat05MK0040,Mat05MK0025,
Mat05MK0041,Mat05MK0028,
Mat05MK0042,Mat05MK0032,
Mat05MK0043,Mat05MK0034,
Mat05MK0044,Mat05MK0036,
Mat05MK0045,Mat05MK0003,
Mat05MK0046,Mat05MK0006,
Mat05MK0047,Mat05MK0007,
Mat05MK0048,Mat05MK0009,
Mat05MK0049,Mat05MK0011,
Mat05MK0050,Mat05MK0015,
Mat05MK0051,Mat05MK0046,
Mat05MK0052,Mat05MK0047,
Mat05MK0053,Mat05MK0049,
Mat05MK0054,Mat05MK0050,
Mat05MK0055,Mat05MK0052,
Mat05MK0056,Mat05MK0053,
Mat06MK0042,Mat06MK0003,
Mat06MK0043,Mat06MK0005,
Mat06MK0044,Mat06MK0007,
Mat06MK0045,Mat06MK0009,
Mat06MK0046,Mat06MK0011,
Mat06MK0047,Mat06MK0036,
Mat06MK0048,Mat06MK0037,
Mat06MK0049,Mat06MK0020,
Mat06MK0050,Mat06MK0039,
Mat06MK0051,Mat06MK0040,
Mat06MK0052,Mat06MK0042,
Mat06MK0053,Mat06MK0022,
Mat06MK0054,Mat06MK0023,
Mat06MK0055,Mat06MK0025,
Mat06MK0056,Mat06MK0026,
Mat06MK0057,Mat06MK0013,
Mat06MK0058,Mat06MK0048,
Mat06MK0059,Mat06MK0051,
Mat06MK0060,Mat06MK0052,
Mat06MK0061,Mat06MK0054,
Mat06MK0062,Mat06MK0055,
Mat06MK0063,Mat06MK0061,
Mat06MK0064,Mat06MK0065,
Mat06MK0065,Mat06MK0017,
Mat06MK0066,Mat06MK0032,
Mat06MK0067,Mat06MK0063,
Mat07MK0036,Mat07MK0021,
Mat07MK0037,Mat07MK0022,
Mat07MK0038,Mat07MK0023,
Mat07MK0039,Mat07MK0003,
Mat07MK0040,Mat07MK0032,
Mat07MK0041,Mat07MK0033,
Mat08MK0015,Mat08MK0002,
Mat08MK0016,Mat08MK0004,
Mat08MK0017,Mat08MK0009,
Mat08MK0018,Mat08MK0012,
Mat08MK0019,Mat08MK0014,
Mat08MK0020,Mat03MK0140,2026-10-02 8. sınıftaki Mat03MK0140 ile birleştirildi
Mat09MK0020,Mat09MK0006,
Mat09MK0021,Mat09MK0007,
Mat09MK0022,Mat09MK0008,
Mat09MK0023,Mat09MK0016,
Mat09MK0024,Mat09MK0029,
Mat09MK0025,Mat09MK0010,
Mat09MK0026,Mat09MK0012,
Mat09MK0027,Mat09MK0013,
Mat09MK0028,Mat09MK0014,
Mat09MK0029,Mat09MK0021,
Mat10MK0010,Mat10MK0002,
Mat10MK0011,Mat10MK0011,
Mat10MK0012,Mat10MK0013,
Mat10MK0013,Mat10MK0015,
Mat10MK0014,Mat10MK0016,
Mat10MK0015,Mat10MK0017,
Mat11MK0044,Mat11MK0002,
Mat11MK0045,Mat11MK0004,
Mat11MK0046,Mat11MK0005,
Mat11MK0047,Mat11MK0009,
Mat11MK0048,Mat11MK0010,
Mat11MK0049,Mat11MK0012,
Mat11MK0050,Mat11MK0013,
Mat11MK0051,Mat11MK0014,
Mat11MK0052,Mat11MK0025,
Mat11MK0053,Mat11MK0031,
Mat11MK0054,Mat11MK0058,
Mat11MK0055,Mat11MK0059,
Mat11MK0056,Mat11MK0067,
Mat11MK0057,Mat11MK0068,
Mat11MK0058,Mat11MK0069,
Mat11MK0059,Mat11MK0070,
Mat11MK0060,Mat11MK0082,
Mat11MK0061,Mat11MK0092,
Mat11MK0062,Mat11MK0007,
Mat11MK0063,Mat11MK0027,
Mat11MK0064,Mat11MK0053,
Mat11MK0065,Mat11MK0054,
Mat11MK0066,Mat11MK0055,
Mat11MK0067,Mat11MK0039,
Mat01YG0001,Mat01YG0027,
Mat01YG0002,Mat01YG0031,
Mat01YG0003,Mat01YG0029,
Mat01YG0004,Mat01YG0030,
Mat01YG0005,Mat01YG0028,
Mat01YG0006,Mat01YG0032,
Mat01YG0007,Mat01YG0033,
Mat01YG0008,Mat01YG0034,
Mat01YG0009,Mat01YG0036,
Mat01YG0010,Mat01YG0035,
Mat01YG0011,Mat01YG0037,
Mat01YG0012,Mat01YG0038,
Mat01YG0013,Mat01YG0039,
Mat02YG0001,Mat02YG0013,
Mat02YG0002,Mat02YG0012,
Mat02YG0003,Mat02YG0014,
Mat02YG0004,Mat02YG0015,
Mat02YG0005,Mat02YG0016,
Mat02YG0006,Mat02YG0018,
Mat02YG0007,Mat02YG0019,
Mat02YG0008,Mat02YG0017,
Mat02YG0009,Mat02YG0005,
Mat02YG0010,Mat02YG0020,
Mat03YG0001,Mat03YG0013,
Mat03YG0002,Mat03YG0014,
Mat03YG0003,Mat03YG0016,
Mat03YG0004,Mat03YG0015,
Mat03YG0005,Mat03YG0017,
Mat03YG0006,Mat03YG0018,
Mat03YG0007,Mat03YG0019,
Mat03YG0008,Mat03YG0020,
Mat03YG0009,Mat03YG0021,
Mat03YG0010,Mat03YG0024,
Mat03YG0011,Mat03YG0022,
Mat03YG0012,Mat03YG0023,
Mat04YG0001,Mat04YG0015,
Mat04YG0002,Mat04YG0017,
Mat04YG0003,Mat04YG0016,
Mat04YG0004,Mat04YG0018,
Mat04YG0005,Mat04YG0011,
Mat04YG0006,Mat04YG0019,
Mat05YG0001,Mat05YG0004,
Mat05YG0002,Mat05YG0003,
Mat05YG0003,Mat05YG0006,
Mat05YG0004,Mat05YG0005,
Mat06YG0001,Mat06YG0007,
Mat06YG0002,Mat06YG0002,
Mat06YG0003,Mat06YG0001,
Mat06YG0004,Mat06YG0006,
Mat06YG0005,Mat06YG0004,
Mat07YG0001,Mat07YG0002,
Mat07YG0002,Mat07YG0008,
Mat07YG0003,Mat07YG0003,
Mat07YG0004,Mat07YG0007,
Mat01YG0014,Mat01YG0022,
Mat01YG0015,Mat01YG0023,
Mat01YG0016,Mat01YG0019,
Mat01YG0017,Mat01YG0021,
Mat01YG0018,Mat01YG0015,
Mat01YG0019,Mat01YG0024,
Mat01YG0020,Mat01YG0025,
Mat02YG0011,Mat02YG0008,
Mat02YG0012,Mat02YG0002,
Mat02YG0013,Mat02YG0010,
Mat02YG0014,Mat02YG0009,
Mat02YG0015,Mat02YG0011,
Mat03YG0013,Mat03YG0011,
Mat03YG0014,Mat03YG0012,
Mat04YG0007,Mat04YG0008,
Mat04YG0008,Mat04YG0009,
Mat04YG0009,Mat04YG0010,
Mat04YG0010,Mat04YG0012,
Mat04YG0011,Mat04YG0013,
Mat04YG0012,Mat04YG0014,
Mat05YG0005,Mat05YG0001,
Mat05YG0006,Mat05YG0002,
Mat07YG0005,Mat07YG0004,
Mat07YG0006,Mat07YG0005,
Mat07YG0007,Mat07YG0006,
Mat01YG0021,Mat01YG0008,
Mat01YG0022,Mat01YG0009,
Mat01YG0023,Mat01YG0010,
Mat01YG0024,Mat01YG0011,
Mat01YG0025,Mat01YG0012,
Mat01YG0026,Mat01YG0013,
Mat01YG0027,Mat01YG0014,
Mat01YG0028,Mat01YG0016,
Mat01YG0029,Mat01YG0018,
Mat02YG0016,Mat02YG0006,
Mat02YG0017,Mat02YG0007,
Mat03YG0015,Mat03YG0007,
Mat03YG0016,Mat03YG0009,
Mat03YG0017,Mat03YG0010,
Mat04YG0013,Mat04YG0003,
Mat04YG0014,Mat04YG0004,
Mat04YG0015,Mat04YG0006,
Mat04YG0016,Mat04YG0007,
Mat01YG0030,Mat01YG0001,
Mat01YG0031,Mat01YG0003,
Mat01YG0032,Mat01YG0004,
Mat01YG0033,Mat01YG0007,
Mat02YG0018,Mat02YG0001,
Mat02YG0019,Mat02YG0003,
Mat02YG0020,Mat02YG0004,
Mat03YG0018,Mat03YG0002,
Mat03YG0019,Mat03YG0003,
Mat03YG0020,Mat03YG0004,
Mat03YG0021,Mat03YG0005,
Mat03YG0022,Mat03YG0006,
Mat04YG0017,Mat04YG0002,
Mat06YG0006,Mat06YG0003,
Mat07YG0008,Mat07YG0001,
Mat01YG0034,Mat01YG0040,
Mat01YG0035,Mat01YG0041,
Mat01YG0036,Mat01YG0042,
Mat02YG0021,Mat02YG0021,
Mat02YG0022,Mat02YG0022,
Mat02YG0023,Mat02YG0023,
Mat03YG0023,Mat03YG0025,
Mat05YG0007,Mat05YG0007,
Mat06YG0007,Mat06YG0008,
Mat07YG0009,Mat07YG0009,
Mat08YG0001,Mat08YG0001,
Mat08YG0002,Mat08YG0002,
Mat09YG0001,Mat09YG0001,
Mat09YG0002,Mat09YG0002,
Mat03YG0024,Mat03YG0026,
Mat03YG0025,Mat03YG0027,
Mat03YG0026,Mat03YG0028,
Mat03YG0027,Mat03YG0029,
Mat06YG0008,Mat06YG0009,
Mat01YG0037,Mat01YG0044,
Mat01YG0038,Mat01YG0045,
Mat01YG0039,Mat01YG0046,
Mat02YG0024,Mat02YG0024,
Mat02YG0025,Mat02YG0025,
Mat02YG0026,Mat02YG0027,
Mat02YG0027,Mat02YG0028,
Mat02YG0028,Mat02YG0029,
Mat02YG0029,Mat02YG0030,
Mat09YG0003,Mat09YG0003,
Mat10YG0001,Mat10YG0001,
Mat10YG0002,Mat10YG0002,
Mat07YG0010,Mat07YG0010,
Mat07YG0011,Mat07YG0012,
Mat06YG0009,Mat06YG0010,
Mat03YG0028,Mat03YG0030,
Mat03YG0029,Mat03YG0031,
Mat03YG0030,Mat03YG0032,
Mat02YG0030,Mat02YG0031,
Mat02YG0031,Mat02YG0033,
Mat02YG0032,Mat02YG0034,
Mat02YG0033,Mat02YG0035,
Mat02YG0034,Mat02YG0036,
Mat02YG0035,Mat02YG0038,
Mat02YG0036,Mat02YG0037,
Mat02YG0037,Mat02YG0039,
Mat02YG0038,Mat02YG0040,
Mat02YG0039,Mat02YG0041,
Mat02YG0040,Mat02YG0042,
Mat03YG0031,Mat03YG0033,
Mat03YG0032,Mat03YG0034,
Mat04YG0018,Mat04YG0020,
Mat11YG0001,Mat11YG0001,
Mat11YG0002,Mat11YG0002,
Mat11YG0003,Mat11YG0003,
Mat11YG0004,Mat11YG0004,
Mat11YG0005,Mat11YG0005,
Mat11YG0006,Mat11YG0006,
Mat11YG0007,Mat11YG0007,
Mat01YG0040,Mat01YG0002,
Mat01YG0041,Mat01YG0006,
Mat01YG0042,Mat01YG0005,
Mat03YG0033,Mat03YG0001,
Mat04YG0019,Mat04YG0001,
Mat01YG0043,Mat01YG0017,
Mat03YG0034,Mat03YG0008,
Mat04YG0020,Mat04YG0005,
Mat06YG0010,Mat06YG0005,
Mat01YG0044,Mat01YG0020,
Mat01YG0045,Mat01YG0026,
Mat01YG0046,Mat01YG0043,
Mat02YG0041,Mat02YG0026,
Mat07YG0012,Mat07YG0011,
Mat02YG0042,Mat02YG0032,
,Mat02MK0003,süreç adımı bölmesinden yeni
,Mat02MK0004,süreç adımı bölmesinden yeni
,Mat02MK0005,süreç adımı bölmesinden yeni
,Mat02MK0006,süreç adımı bölmesinden yeni
,Mat02MK0007,süreç adımı bölmesinden yeni
,Mat02MK0016,süreç adımı bölmesinden yeni
,Mat02MK0017,süreç adımı bölmesinden yeni
,Mat02MK0018,süreç adımı bölmesinden yeni
,Mat02MK0019,süreç adımı bölmesinden yeni
,Mat02MK0020,süreç adımı bölmesinden yeni
,Mat02MK0021,süreç adımı bölmesinden yeni
,Mat02MK0023,süreç adımı bölmesinden yeni
,Mat02MK0024,süreç adımı bölmesinden yeni
,Mat02MK0025,süreç adımı bölmesinden yeni
,Mat02MK0026,süreç adımı bölmesinden yeni
,Mat02MK0027,süreç adımı bölmesinden yeni
,Mat02MK0039,süreç adımı bölmesinden yeni
,Mat02MK0041,süreç adımı bölmesinden yeni
,Mat03MK0017,süreç adımı bölmesinden yeni
,Mat03MK0018,süreç adımı bölmesinden yeni
,Mat03MK0032,süreç adımı bölmesinden yeni
,Mat03MK0033,süreç adımı bölmesinden yeni
,Mat04MK0018,süreç adımı bölmesinden yeni
,Mat04MK0020,süreç adımı bölmesinden yeni
,Mat04MK0022,süreç adımı bölmesinden yeni
,Mat04MK0024,süreç adımı bölmesinden yeni
,Mat01MK0051,süreç adımı bölmesinden yeni
,Mat01MK0053,süreç adımı bölmesinden yeni
,Mat01MK0059,süreç adımı bölmesinden yeni
,Mat01MK0060,süreç adımı bölmesinden yeni
,Mat01MK0061,süreç adımı bölmesinden yeni
,Mat01MK0070,süreç adımı bölmesinden yeni
,Mat01MK0071,süreç adımı bölmesinden yeni
,Mat01MK0072,süreç adımı bölmesinden yeni
,Mat01MK0100,süreç adımı bölmesinden yeni
,Mat01MK0101,süreç adımı bölmesinden yeni
,Mat01MK0113,süreç adımı bölmesinden yeni
,Mat01MK0114,süreç adımı bölmesinden yeni
,Mat01MK0116,süreç adımı bölmesinden yeni
,Mat01MK0117,süreç adımı bölmesinden yeni
,Mat01MK0119,süreç adımı bölmesinden yeni
,Mat01MK0120,süreç adımı bölmesinden yeni
,Mat02MK0058,süreç adımı bölmesinden yeni
,Mat03MK0068,süreç adımı bölmesinden yeni
,Mat03MK0088,süreç adımı bölmesinden yeni
,Mat03MK0090,süreç adımı bölmesinden yeni
,Mat03MK0092,süreç adımı bölmesinden yeni
,Mat03MK0094,süreç adımı bölmesinden yeni
,Mat04MK0040,süreç adımı bölmesinden yeni
,Mat04MK0041,süreç adımı bölmesinden yeni
,Mat04MK0043,süreç adımı bölmesinden yeni
,Mat04MK0044,süreç adımı bölmesinden yeni
,Mat04MK0046,süreç adımı bölmesinden yeni
,Mat04MK0047,süreç adımı bölmesinden yeni
,Mat04MK0049,süreç adımı bölmesinden yeni
,Mat04MK0050,süreç adımı bölmesinden yeni
,Mat02MK0075,süreç adımı bölmesinden yeni
,Mat02MK0082,süreç adımı bölmesinden yeni
,Mat02MK0084,süreç adımı bölmesinden yeni
,Mat02MK0086,süreç adımı bölmesinden yeni
,Mat04MK0091,süreç adımı bölmesinden yeni
,Mat04MK0093,süreç adımı bölmesinden yeni
,Mat04MK0095,süreç adımı bölmesinden yeni
,Mat04MK0097,süreç adımı bölmesinden yeni
,Mat04MK0117,süreç adımı bölmesinden yeni
,Mat04MK0118,süreç adımı bölmesinden yeni
,Mat04MK0119,süreç adımı bölmesinden yeni
,Mat04MK0121,süreç adımı bölmesinden yeni
,Mat04MK0122,süreç adımı bölmesinden yeni
,Mat04MK0123,süreç adımı bölmesinden yeni
,Mat04MK0125,süreç adımı bölmesinden yeni
,Mat04MK0126,süreç adımı bölmesinden yeni
,Mat04MK0127,süreç adımı bölmesinden yeni
,Mat04MK0129,süreç adımı bölmesinden yeni
,Mat04MK0130,süreç adımı bölmesinden yeni
,Mat04MK0131,süreç adımı bölmesinden yeni
,Mat01MK0187,süreç adımı bölmesinden yeni
,Mat01MK0188,süreç adımı bölmesinden yeni
,Mat01MK0189,süreç adımı bölmesinden yeni
,Mat01MK0190,süreç adımı bölmesinden yeni
,Mat01MK0191,süreç adımı bölmesinden yeni
,Mat01MK0192,süreç adımı bölmesinden yeni
,Mat01MK0193,süreç adımı bölmesinden yeni
,Mat01MK0194,süreç adımı bölmesinden yeni
,Mat01MK0196,süreç adımı bölmesinden yeni
,Mat01MK0197,süreç adımı bölmesinden yeni
,Mat01MK0198,süreç adımı bölmesinden yeni
,Mat01MK0199,süreç adımı bölmesinden yeni
,Mat01MK0200,süreç adımı bölmesinden yeni
,Mat01MK0201,süreç adımı bölmesinden yeni
,Mat01MK0202,süreç adımı bölmesinden yeni
,Mat01MK0203,süreç adımı bölmesinden yeni
,Mat02MK0133,süreç adımı bölmesinden yeni
,Mat02MK0134,süreç adımı bölmesinden yeni
,Mat02MK0136,süreç adımı bölmesinden yeni
,Mat02MK0137,süreç adımı bölmesinden yeni
,Mat03MK0148,süreç adımı bölmesinden yeni
,Mat03MK0149,süreç adımı bölmesinden yeni
,Mat03MK0151,süreç adımı bölmesinden yeni
,Mat03MK0152,süreç adımı bölmesinden yeni
,Mat03MK0154,süreç adımı bölmesinden yeni
,Mat03MK0155,süreç adımı bölmesinden yeni
,Mat03MK0157,süreç adımı bölmesinden yeni
,Mat03MK0158,süreç adımı bölmesinden yeni
,Mat05MK0030,süreç adımı bölmesinden yeni
,Mat05MK0038,süreç adımı bölmesinden yeni
,Mat05MK0040,süreç adımı bölmesinden yeni
,Mat05MK0042,süreç adımı bölmesinden yeni
,Mat05MK0044,süreç adımı bölmesinden yeni
,Mat07MK0026,süreç adımı bölmesinden yeni
,Mat07MK0027,süreç adımı bölmesinden yeni
,Mat01MK0234,süreç adımı bölmesinden yeni
,Mat01MK0236,süreç adımı bölmesinden yeni
,Mat01MK0249,süreç adımı bölmesinden yeni
,Mat01MK0285,süreç adımı bölmesinden yeni
,Mat01MK0286,süreç adımı bölmesinden yeni
,Mat01MK0290,süreç adımı bölmesinden yeni
,Mat01MK0291,süreç adımı bölmesinden yeni
,Mat02MK0163,süreç adımı bölmesinden yeni
,Mat02MK0164,süreç adımı bölmesinden yeni
,Mat02MK0166,süreç adımı bölmesinden yeni
,Mat02MK0167,süreç adımı bölmesinden yeni
,Mat02MK0175,süreç adımı bölmesinden yeni
,Mat02MK0184,süreç adımı bölmesinden yeni
,Mat02MK0186,süreç adımı bölmesinden yeni
,Mat02MK0188,süreç adımı bölmesinden yeni
,Mat08MK0016,süreç adımı bölmesinden yeni
,Mat08MK0018,süreç adımı bölmesinden yeni
,Mat08MK0020,süreç adımı bölmesinden yeni
,Mat08MK0022,süreç adımı bölmesinden yeni
,Mat03MK0173,süreç adımı bölmesinden yeni
,Mat03MK0176,süreç adımı bölmesinden yeni
,Mat03MK0187,süreç adımı bölmesinden yeni
,Mat03MK0188,süreç adımı bölmesinden yeni
,Mat03MK0189,süreç adımı bölmesinden yeni
,Mat03MK0190,süreç adımı bölmesinden yeni
,Mat03MK0194,süreç adımı bölmesinden yeni
,Mat03MK0195,süreç adımı bölmesinden yeni
,Mat03MK0196,süreç adımı bölmesinden yeni
,Mat03MK0197,süreç adımı bölmesinden yeni
,Mat03MK0204,süreç adımı bölmesinden yeni
,Mat03MK0206,süreç adımı bölmesinden yeni
,Mat01MK0313,süreç adımı bölmesinden yeni
,Mat01MK0319,süreç adımı bölmesinden yeni
,Mat01MK0321,süreç adımı bölmesinden yeni
,Mat01MK0326,süreç adımı bölmesinden yeni
,Mat01MK0327,süreç adımı bölmesinden yeni
,Mat01MK0329,süreç adımı bölmesinden yeni
,Mat01MK0330,süreç adımı bölmesinden yeni
,Mat01MK0335,süreç adımı bölmesinden yeni
,Mat01MK0336,süreç adımı bölmesinden yeni
,Mat02MK0223,süreç adımı bölmesinden yeni
,Mat02MK0224,süreç adımı bölmesinden yeni
,Mat02MK0226,süreç adımı bölmesinden yeni
,Mat02MK0227,süreç adımı bölmesinden yeni
,Mat02MK0246,süreç adımı bölmesinden yeni
,Mat02MK0247,süreç adımı bölmesinden yeni
,Mat02MK0249,süreç adımı bölmesinden yeni
,Mat02MK0250,süreç adımı bölmesinden yeni
,Mat02MK0271,süreç adımı bölmesinden yeni
,Mat02MK0272,süreç adımı bölmesinden yeni
,Mat02MK0274,süreç adımı bölmesinden yeni
,Mat02MK0275,süreç adımı bölmesinden yeni
,Mat02MK0281,süreç adımı bölmesinden yeni
,Mat02MK0288,süreç adımı bölmesinden yeni
,Mat02MK0290,süreç adımı bölmesinden yeni
,Mat02MK0292,süreç adımı bölmesinden yeni
,Mat10MK0004,süreç adımı bölmesinden yeni
,Mat10MK0009,süreç adımı bölmesinden yeni
,Mat03MK0221,süreç adımı bölmesinden yeni
,Mat03MK0222,süreç adımı bölmesinden yeni
,Mat03MK0223,süreç adımı bölmesinden yeni
,Mat03MK0224,süreç adımı bölmesinden yeni
,Mat03MK0226,süreç adımı bölmesinden yeni
,Mat03MK0227,süreç adımı bölmesinden yeni
,Mat03MK0228,süreç adımı bölmesinden yeni
,Mat03MK0229,süreç adımı bölmesinden yeni
,Mat03MK0239,süreç adımı bölmesinden yeni
,Mat03MK0240,süreç adımı bölmesinden yeni
,Mat03MK0241,süreç adımı bölmesinden yeni
,Mat03MK0242,süreç adımı bölmesinden yeni
,Mat03MK0251,süreç adımı bölmesinden yeni
,Mat03MK0252,süreç adımı bölmesinden yeni
,Mat03MK0253,süreç adımı bölmesinden yeni
,Mat03MK0254,süreç adımı bölmesinden yeni
,Mat03MK0262,süreç adımı bölmesinden yeni
,Mat03MK0263,süreç adımı bölmesinden yeni
,Mat03MK0264,süreç adımı bölmesinden yeni
,Mat03MK0265,süreç adımı bölmesinden yeni
,Mat03MK0267,süreç adımı bölmesinden yeni
,Mat03MK0268,süreç adımı bölmesinden yeni
,Mat03MK0269,süreç adımı bölmesinden yeni
,Mat03MK0271,süreç adımı bölmesinden yeni
,Mat03MK0272,süreç adımı bölmesinden yeni
,Mat03MK0273,süreç adımı bölmesinden yeni
,Mat03MK0275,süreç adımı bölmesinden yeni
,Mat03MK0276,süreç adımı bölmesinden yeni
,Mat03MK0277,süreç adımı bölmesinden yeni
,Mat03MK0279,süreç adımı bölmesinden yeni
,Mat03MK0280,süreç adımı bölmesinden yeni
,Mat03MK0281,süreç adımı bölmesinden yeni
,Mat02MK0317,süreç adımı bölmesinden yeni
,Mat02MK0318,süreç adımı bölmesinden yeni
,Mat02MK0320,süreç adımı bölmesinden yeni
,Mat02MK0321,süreç adımı bölmesinden yeni
,Mat02MK0345,süreç adımı bölmesinden yeni
,Mat02MK0346,süreç adımı bölmesinden yeni
,Mat02MK0376,süreç adımı bölmesinden yeni
,Mat02MK0377,süreç adımı bölmesinden yeni
,Mat02MK0379,süreç adımı bölmesinden yeni
,Mat02MK0380,süreç adımı bölmesinden yeni
,Mat02MK0382,süreç adımı bölmesinden yeni
,Mat02MK0383,süreç adımı bölmesinden yeni
,Mat02MK0384,süreç adımı bölmesinden yeni
,Mat02MK0390,süreç adımı bölmesinden yeni
,Mat02MK0391,süreç adımı bölmesinden yeni
,Mat02MK0392,süreç adımı bölmesinden yeni
,Mat02MK0394,süreç adımı bölmesinden yeni
,Mat02MK0395,süreç adımı bölmesinden yeni
,Mat02MK0396,süreç adımı bölmesinden yeni
,Mat02MK0398,süreç adımı bölmesinden yeni
,Mat02MK0399,süreç adımı bölmesinden yeni
,Mat02MK0400,süreç adımı bölmesinden yeni
,Mat02MK0448,süreç adımı bölmesinden yeni
,Mat02MK0449,süreç adımı bölmesinden yeni
,Mat02MK0450,süreç adımı bölmesinden yeni
,Mat02MK0454,süreç adımı bölmesinden yeni
,Mat02MK0455,süreç adımı bölmesinden yeni
,Mat02MK0456,süreç adımı bölmesinden yeni
,Mat02MK0462,süreç adımı bölmesinden yeni
,Mat02MK0463,süreç adımı bölmesinden yeni
,Mat02MK0464,süreç adımı bölmesinden yeni
,Mat02MK0466,süreç adımı bölmesinden yeni
,Mat02MK0467,süreç adımı bölmesinden yeni
,Mat02MK0468,süreç adımı bölmesinden yeni
,Mat02MK0470,süreç adımı bölmesinden yeni
,Mat02MK0471,süreç adımı bölmesinden yeni
,Mat02MK0472,süreç adımı bölmesinden yeni
,Mat02MK0474,süreç adımı bölmesinden yeni
,Mat02MK0475,süreç adımı bölmesinden yeni
,Mat02MK0476,süreç adımı bölmesinden yeni
,Mat03MK0295,süreç adımı bölmesinden yeni
,Mat03MK0296,süreç adımı bölmesinden yeni
,Mat03MK0297,süreç adımı bölmesinden yeni
,Mat03MK0298,süreç adımı bölmesinden yeni
,Mat03MK0306,süreç adımı bölmesinden yeni
,Mat03MK0307,süreç adımı bölmesinden yeni
,Mat03MK0308,süreç adımı bölmesinden yeni
,Mat03MK0309,süreç adımı bölmesinden yeni
,Mat03MK0313,süreç adımı bölmesinden yeni
,Mat03MK0314,süreç adımı bölmesinden yeni
,Mat03MK0315,süreç adımı bölmesinden yeni
,Mat03MK0319,süreç adımı bölmesinden yeni
,Mat03MK0320,süreç adımı bölmesinden yeni
,Mat03MK0321,süreç adımı bölmesinden yeni
,Mat03MK0323,süreç adımı bölmesinden yeni
,Mat03MK0324,süreç adımı bölmesinden yeni
,Mat03MK0325,süreç adımı bölmesinden yeni
,Mat03MK0327,süreç adımı bölmesinden yeni
,Mat03MK0328,süreç adımı bölmesinden yeni
,Mat03MK0329,süreç adımı bölmesinden yeni
,Mat04MK0177,süreç adımı bölmesinden yeni
,Mat04MK0179,süreç adımı bölmesinden yeni
,Mat04MK0181,süreç adımı bölmesinden yeni
,Mat04MK0183,süreç adımı bölmesinden yeni
,Mat11MK0016,süreç adımı bölmesinden yeni
,Mat11MK0017,süreç adımı bölmesinden yeni
,Mat11MK0018,süreç adımı bölmesinden yeni
,Mat11MK0020,süreç adımı bölmesinden yeni
,Mat11MK0021,süreç adımı bölmesinden yeni
,Mat11MK0022,süreç adımı bölmesinden yeni
,Mat11MK0035,süreç adımı bölmesinden yeni
,Mat11MK0036,süreç adımı bölmesinden yeni
,Mat11MK0037,süreç adımı bölmesinden yeni
,Mat11MK0041,süreç adımı bölmesinden yeni
,Mat11MK0042,süreç adımı bölmesinden yeni
,Mat11MK0043,süreç adımı bölmesinden yeni
,Mat11MK0045,süreç adımı bölmesinden yeni
,Mat11MK0046,süreç adımı bölmesinden yeni
,Mat11MK0047,süreç adımı bölmesinden yeni
,Mat11MK0049,süreç adımı bölmesinden yeni
,Mat11MK0050,süreç adımı bölmesinden yeni
,Mat11MK0051,süreç adımı bölmesinden yeni
,Mat11MK0061,süreç adımı bölmesinden yeni
,Mat11MK0062,süreç adımı bölmesinden yeni
,Mat11MK0064,süreç adımı bölmesinden yeni
,Mat11MK0065,süreç adımı bölmesinden yeni
,Mat11MK0072,süreç adımı bölmesinden yeni
,Mat11MK0073,süreç adımı bölmesinden yeni
,Mat11MK0074,süreç adımı bölmesinden yeni
,Mat11MK0075,süreç adımı bölmesinden yeni
,Mat11MK0077,süreç adımı bölmesinden yeni
,Mat11MK0078,süreç adımı bölmesinden yeni
,Mat11MK0079,süreç adımı bölmesinden yeni
,Mat11MK0080,süreç adımı bölmesinden yeni
,Mat11MK0087,süreç adımı bölmesinden yeni
,Mat11MK0088,süreç adımı bölmesinden yeni
,Mat11MK0089,süreç adımı bölmesinden yeni
,Mat11MK0090,süreç adımı bölmesinden yeni
,Mat11MK0094,süreç adımı bölmesinden yeni
,Mat11MK0096,süreç adımı bölmesinden yeni
,Mat11MK0101,süreç adımı bölmesinden yeni
,Mat11MK0103,süreç adımı bölmesinden yeni
,Mat11MK0105,süreç adımı bölmesinden yeni
,Mat11MK0107,süreç adımı bölmesinden yeni
